username,password,email,firstname,lastname,gender,created_on
nroistone0,0mYnN78ZG,nroistone0@paginegialle.it,Neel,Roistone,Male,2020-02-29
mleet1,l2ReYL,mleet1@nymag.com,Mick,Leet,Male,2020-02-09
cbarrington2,Dy0iJIkG,cbarrington2@cam.ac.uk,Constantin,Barrington,Male,2020-05-29
lbrownell3,JxVC9VKaKcq,lbrownell3@scientificamerican.com,Lauralee,Brownell,Female,2020-06-23
ugully4,oW2VLpDaDB,ugully4@quantcast.com,Udale,Gully,Male,2020-01-24
bwaghorne5,cKarVMWL,bwaghorne5@nps.gov,Barbe,Waghorne,Female,2021-01-08
zvardy6,ao1Pj8X,zvardy6@examiner.com,Zeke,Vardy,Male,2020-07-21
fgouch7,fF9IWnd0tHA6,fgouch7@hao123.com,Frankie,Gouch,Male,2020-10-24
gmcileen8,eSuLNSjdYtI,gmcileen8@blogtalkradio.com,Guillemette,McIleen,Female,2020-12-08
acraw9,5DxPGIhx3mr4,acraw9@wikispaces.com,Aubree,Craw,Female,2020-06-09
epinwella,16LsCbX,epinwella@edublogs.org,Egon,Pinwell,Male,2020-11-25
sreinerb,40ty1CEu,sreinerb@wunderground.com,Sheela,Reiner,Female,2020-02-26
lmaskelynec,AncOOTEuLPUU,lmaskelynec@fotki.com,Lazarus,Maskelyne,Male,2020-05-01
mbroughd,98BHIKCbJK,mbroughd@ed.gov,Maryanna,Brough,Female,2020-07-31
jfilewoode,uVNsuDjlMcsf,jfilewoode@mapquest.com,Jeanna,Filewood,Female,2020-12-11
jsakinsf,SVByJSN9ecXE,jsakinsf@arstechnica.com,Jayme,Sakins,Male,2020-02-13
grawlynsg,wx8esO,grawlynsg@liveinternet.ru,Gian,Rawlyns,Male,2020-10-20
nbremeyerh,5KIG4CCI,nbremeyerh@oaic.gov.au,Nessi,Bremeyer,Female,2020-12-30
mcamackei,xstNOh,mcamackei@mit.edu,Marlow,Camacke,Male,2020-06-10
spadleyj,XRtZ9eLNLL0,spadleyj@plala.or.jp,Skip,Padley,Male,2020-07-19
egoudyk,r708kqmb0pC9,egoudyk@dailymail.co.uk,Emogene,Goudy,Female,2020-01-28
mgoodlettl,UlRG4n,mgoodlettl@dyndns.org,Mandi,Goodlett,Female,2020-08-15
rillingsworthm,4MFxjH,rillingsworthm@friendfeed.com,Rene,Illingsworth,Female,2020-10-04
bworleyn,zcVhFyqmjjlr,bworleyn@arizona.edu,Bogart,Worley,Male,2020-09-29
fcolliero,3QnCJilQRls,fcolliero@jalbum.net,Faye,Collier,Female,2020-05-25
fhenrysp,W1QwPhd6PSGH,fhenrysp@amazon.com,Finlay,Henrys,Male,2020-06-02
jnelliesq,x7Qjr25cYn,jnelliesq@cbc.ca,Jacky,Nellies,Female,2020-12-20
lbamblettr,YOvDs0D,lbamblettr@fda.gov,Lelia,Bamblett,Female,2020-02-05
kgrovehams,QgoyRsGtC,kgrovehams@yale.edu,Kahlil,Groveham,Male,2020-12-11
sgreastyt,Y8txICqWiN,sgreastyt@github.com,Selby,Greasty,Male,2020-04-01
twhatfordu,JAb5C5,twhatfordu@hud.gov,Tamas,Whatford,Male,2020-09-20
hdaryv,2TCquAgiL,hdaryv@japanpost.jp,Hasty,Dary,Male,2020-11-15
smeew,mQWh2WlYkfgx,smeew@icq.com,Stefano,Mee,Male,2020-06-26
bnortheyx,bUmCurvZCrZ,bnortheyx@toplist.cz,Bert,Northey,Male,2020-07-08
dbrombyy,kaRTi2p,dbrombyy@webeden.co.uk,Dolores,Bromby,Female,2020-03-29
wgayez,Xf4CqvTkM,wgayez@imgur.com,Wilt,Gaye,Male,2020-02-15
palldread10,ktSgxP,palldread10@toplist.cz,Pepillo,Alldread,Male,2020-05-03
rbungey11,PGr7QfeafXHA,rbungey11@last.fm,Rory,Bungey,Female,2020-02-03
bmcgarvie12,VNPAXrv,bmcgarvie12@slideshare.net,Bernelle,McGarvie,Female,2020-11-23
chovel13,yUU431zth,chovel13@networkadvertising.org,Caitrin,Hovel,Female,2020-06-19
mschuricht14,u3VchQBVAT,mschuricht14@dion.ne.jp,Minnnie,Schuricht,Female,2020-06-14
rmcculloch15,cd6f6xE,rmcculloch15@hexun.com,Roy,McCulloch,Male,2020-05-07
lmurcott16,BLFlMR30Ov1,lmurcott16@about.me,Llewellyn,Murcott,Male,2020-05-04
rhateley17,agUvwZL,rhateley17@xrea.com,Rayshell,Hateley,Female,2020-04-17
mbarth18,2EbaSgoskp7,mbarth18@tuttocitta.it,Melisandra,Barth,Female,2020-12-18
dtofts19,F03HveI,dtofts19@ifeng.com,Dalia,Tofts,Female,2020-02-06
ttonbye1a,cEhcpI,ttonbye1a@patch.com,Terrel,Tonbye,Male,2020-08-25
jgelletly1b,r9LAGM,jgelletly1b@parallels.com,Jannel,Gelletly,Female,2020-12-25
bbernardotte1c,JFtH5iuQJ,bbernardotte1c@japanpost.jp,Bella,Bernardotte,Female,2020-06-09
hphythean1d,nxoVcV,hphythean1d@marketwatch.com,Horace,Phythean,Male,2020-10-29
aandersson1e,jFVWLod,aandersson1e@aol.com,Arabel,Andersson,Female,2020-12-08
slaboune1f,uTbrQeZlvTjJ,slaboune1f@wisc.edu,Shayne,Laboune,Female,2020-06-17
amcamish1g,B2wumh,amcamish1g@meetup.com,Alida,McAmish,Female,2020-09-23
sewence1h,uyqAEfX7,sewence1h@slideshare.net,Shadow,Ewence,Male,2021-01-09
yclassen1i,dfCmG9mioa,yclassen1i@joomla.org,Yovonnda,Classen,Female,2020-04-25
kbentote1j,LFneEnaM7,kbentote1j@liveinternet.ru,Kori,Bentote,Female,2020-06-19
dgilcrist1k,PT3Irg83pt,dgilcrist1k@wordpress.com,Dalis,Gilcrist,Male,2020-04-16
toughtright1l,AzWuBLN4EJJ,toughtright1l@economist.com,Tobin,Oughtright,Male,2020-01-26
hlewknor1m,GX9NfhAZI,hlewknor1m@ifeng.com,Hillery,Lewknor,Male,2020-10-12
bkinastan1n,wFW5VozY,bkinastan1n@sakura.ne.jp,Biddie,Kinastan,Female,2020-05-08
crosendall1o,9eKJZm1,crosendall1o@wikispaces.com,Casandra,Rosendall,Female,2020-03-17
bcampey1p,pHKsbZm,bcampey1p@bizjournals.com,Brandyn,Campey,Male,2020-07-11
aleuchars1q,bh2FZNovPef,aleuchars1q@tmall.com,Amelie,Leuchars,Female,2020-02-03
smacneil1r,Qln5xu,smacneil1r@slate.com,Shayla,MacNeil,Female,2020-02-12
edunstone1s,zIugnqDp,edunstone1s@hud.gov,Eba,Dunstone,Female,2020-03-26
wpople1t,DvKj9Fa,wpople1t@yelp.com,Wilie,Pople,Female,2021-01-03
charefoot1u,8iw8DvEo,charefoot1u@ihg.com,Chip,Harefoot,Male,2020-02-16
torry1v,3tf0S5YF,torry1v@nifty.com,Toinette,Orry,Female,2020-06-30
jmacgillreich1w,oBqDkdRb4gVu,jmacgillreich1w@wsj.com,Janela,MacGillreich,Female,2020-11-14
pblampey1x,rKHm4NR,pblampey1x@timesonline.co.uk,Prentice,Blampey,Male,2020-09-02
ssiggens1y,VXvBacl2mXlh,ssiggens1y@g.co,Sauncho,Siggens,Male,2020-12-21
jdavidofski1z,w54js0teRQR,jdavidofski1z@squidoo.com,Jaclin,Davidofski,Female,2020-04-15
gbaldacchi20,MPotPgG,gbaldacchi20@harvard.edu,Gaelan,Baldacchi,Male,2020-01-18
phammerson21,ZCUEzme0,phammerson21@wordpress.com,Pincus,Hammerson,Male,2020-04-04
hromaines22,WCBEkHH,hromaines22@dedecms.com,Hermy,Romaines,Male,2020-02-27
mglawsop23,kz5b0Z9Zxw,mglawsop23@si.edu,Madelena,Glawsop,Female,2020-07-14
rbrownsword24,KNB8Mvnfi0,rbrownsword24@addthis.com,Roi,Brownsword,Male,2020-03-07
lhatchette25,35EbmxTiouEa,lhatchette25@artisteer.com,Lemmie,Hatchette,Male,2020-04-18
edulen26,eTdaOcpnA9NM,edulen26@illinois.edu,Emmeline,Dulen,Female,2021-01-10
acastillo27,kH0K1gh6,acastillo27@cmu.edu,Alikee,Castillo,Female,2020-06-23
kmangeon28,ODkcg3ES,kmangeon28@freewebs.com,Kaye,Mangeon,Female,2020-02-13
cgreenstock29,Xv3sa4jQKfX7,cgreenstock29@i2i.jp,Cristina,Greenstock,Female,2020-02-11
sdo2a,shu4oLHlzW,sdo2a@boston.com,Silvana,Do,Female,2020-12-22
dbrome2b,vULjznj,dbrome2b@icio.us,Delphinia,Brome,Female,2020-02-22
dgrane2c,cM2Y0IwG,dgrane2c@ed.gov,Dag,Grane,Male,2020-12-19
drobelin2d,DYOTSKy9i,drobelin2d@bravesites.com,Doralia,Robelin,Female,2020-05-19
dstockney2e,O1YaNVlu6X,dstockney2e@odnoklassniki.ru,Dale,Stockney,Female,2020-12-11
vbygreaves2f,WccjIm4E,vbygreaves2f@ehow.com,Van,Bygreaves,Male,2020-03-27
fwickey2g,jUfQk1eXmaew,fwickey2g@shutterfly.com,Fran,Wickey,Male,2020-08-10
ggodlip2h,ieQWmgIlfrMq,ggodlip2h@aboutads.info,Geraldine,Godlip,Female,2020-05-25
clembrick2i,DVDAouHqw7s,clembrick2i@dailymail.co.uk,Colman,Lembrick,Male,2020-12-31
tick2j,j6gZF4,tick2j@goo.gl,Talbot,Ick,Male,2021-01-08
choult2k,3PY23R8n3,choult2k@ed.gov,Cati,Hoult,Female,2020-11-02
mkesten2l,ddr0Qe,mkesten2l@walmart.com,Meriel,Kesten,Female,2020-08-11
wmatyatin2m,jV5tFQt3ZS,wmatyatin2m@nasa.gov,Wallas,Matyatin,Male,2020-06-19
sfreke2n,49YMvZLQ1,sfreke2n@wufoo.com,Stephen,Freke,Male,2020-11-02
dwattins2o,BrVSsEV,dwattins2o@ucla.edu,Dene,Wattins,Male,2020-05-28
stibbits2p,iDRaHxW,stibbits2p@xinhuanet.com,Sergio,Tibbits,Male,2020-08-17
wrosedale2q,77xkNELeSGl8,wrosedale2q@mapquest.com,Wallis,Rosedale,Male,2020-04-14
cmacturlough2r,SHLG05gpQnk,cmacturlough2r@usda.gov,Caroljean,MacTurlough,Female,2021-01-02
pizaac2s,br67vI30mK,pizaac2s@mtv.com,Pyotr,Izaac,Male,2020-03-31
wslimme2t,y8Vvnav8i0ap,wslimme2t@uiuc.edu,Willie,Slimme,Male,2020-06-23
whunnaball2u,2qvpqiL0AV,whunnaball2u@mac.com,Willis,Hunnaball,Male,2021-01-01
gyardy2v,jPguXSzJ0,gyardy2v@youtube.com,Gwendolen,Yardy,Female,2020-03-12
fwilsey2w,RDzhBR8,fwilsey2w@dailymail.co.uk,Forester,Wilsey,Male,2020-08-26
avandervlies2x,oqWeGM,avandervlies2x@shop-pro.jp,Alfredo,Van Der Vlies,Male,2020-12-18
rmcalinion2y,eFeXL7aog,rmcalinion2y@google.com.br,Rockie,McAlinion,Male,2020-04-20
pmcglaughn2z,FGBQj0W,pmcglaughn2z@vinaora.com,Peggy,McGlaughn,Female,2021-01-12
flegalle30,4BcRSl,flegalle30@webeden.co.uk,Fonz,Le Galle,Male,2020-05-06
clemmer31,dPeLm94Tj,clemmer31@dropbox.com,Crissy,Lemmer,Female,2020-09-08
creaney32,1ePgR0JLkWOy,creaney32@wisc.edu,Chloe,Reaney,Female,2020-09-01
blauritsen33,jypU3qW9cL,blauritsen33@amazonaws.com,Bard,Lauritsen,Male,2020-12-27
canscott34,RPNgLM2,canscott34@mit.edu,Cassaundra,Anscott,Female,2021-01-10
palti35,KAC13WJ1,palti35@google.it,Papagena,Alti,Female,2021-01-15
feason36,CClxBblMmB,feason36@soup.io,Frayda,Eason,Female,2020-10-07
kparell37,SdoKB3ppsmfC,kparell37@zdnet.com,Kizzie,Parell,Female,2020-02-21
mmapis38,X5fO4R,mmapis38@about.com,Moselle,Mapis,Female,2020-10-05
efreda39,gfagmqA8Fni,efreda39@macromedia.com,Ezra,Freda,Male,2020-06-24
dlucas3a,9aKA8p,dlucas3a@microsoft.com,Dominique,Lucas,Male,2020-06-08
dhalson3b,WacLyhXgQG,dhalson3b@reddit.com,Devy,Halson,Male,2020-03-09
anajera3c,DTcDiBJ5,anajera3c@wsj.com,Ashton,Najera,Male,2020-09-07
vdicken3d,jCpN0VUQtSt,vdicken3d@walmart.com,Vanya,Dicken,Female,2020-09-27
cpatesel3e,xyhClzSRiae,cpatesel3e@archive.org,Carmel,Patesel,Female,2020-07-21
ttiron3f,uurvbVLewe,ttiron3f@phpbb.com,Teirtza,Tiron,Female,2020-09-09
mstollery3g,jdCnjsvRt,mstollery3g@disqus.com,Mario,Stollery,Male,2020-05-28
drippen3h,GhjKBrio,drippen3h@qq.com,Dani,Rippen,Male,2020-09-03
gturone3i,orsG3Xss3eE,gturone3i@uiuc.edu,Gerhardt,Turone,Male,2020-06-23
hlafoy3j,bBVMexdV47Sn,hlafoy3j@cargocollective.com,Humfrid,Lafoy,Male,2021-01-05
zishak3k,P3wNH1dAB1k,zishak3k@hud.gov,Zebadiah,Ishak,Male,2020-03-02
cschoffel3l,HuOJg1Zx,cschoffel3l@163.com,Cassandre,Schoffel,Female,2021-01-12
bvoak3m,tl3M3Wv08G,bvoak3m@disqus.com,Benedikta,Voak,Female,2020-05-19
hcudbird3n,i5f0zipwpnZG,hcudbird3n@washington.edu,Hal,Cudbird,Male,2020-12-16
fpatshull3o,qWXPXndm,fpatshull3o@boston.com,Fielding,Patshull,Male,2020-04-25
vwestfalen3p,GzYYPJI,vwestfalen3p@squidoo.com,Vin,Westfalen,Male,2020-06-23
galyonov3q,NuWt19f,galyonov3q@google.com.br,Gina,Alyonov,Female,2020-02-26
dslyde3r,AHqo3x,dslyde3r@wikia.com,Demetris,Slyde,Male,2020-10-11
sboddie3s,6pksDVMY,sboddie3s@ftc.gov,Sydelle,Boddie,Female,2020-08-17
gkassel3t,N8DB2R1J,gkassel3t@tripadvisor.com,Geneva,Kassel,Female,2021-01-05
pdumbar3u,wO9mBuFkF,pdumbar3u@cbc.ca,Pavel,Dumbar,Male,2020-09-23
scolbertson3v,WiZH0k1,scolbertson3v@cyberchimps.com,Sheilah,Colbertson,Female,2020-02-07
acattermoul3w,AyzxXGBBQ8p,acattermoul3w@booking.com,Alisha,Cattermoul,Female,2020-08-13
jcarlsen3x,2Hbjtu,jcarlsen3x@usa.gov,Jamey,Carlsen,Male,2020-07-31
atournay3y,UqAe3FX,atournay3y@globo.com,Aveline,Tournay,Female,2020-05-26
vfrankham3z,aiTWzNza,vfrankham3z@cdc.gov,Violetta,Frankham,Female,2020-03-31
emoors40,dsUOHQRg,emoors40@sourceforge.net,Evelyn,Moors,Male,2020-06-15
dfittes41,jRfv07WL,dfittes41@toplist.cz,Dare,Fittes,Male,2021-01-15
lloverock42,Ahj4s6a,lloverock42@cmu.edu,Leandra,Loverock,Female,2020-05-02
ssayburn43,AwP4FxK,ssayburn43@nih.gov,Selma,Sayburn,Female,2020-07-24
kalflatt44,sm445IG7B,kalflatt44@sciencedaily.com,Kyle,Alflatt,Male,2020-10-30
hplevey45,DWsSGe8Exp,hplevey45@mit.edu,Hyacinthia,Plevey,Female,2020-03-24
bmatyushonok46,cCEr2btDO,bmatyushonok46@over-blog.com,Baillie,Matyushonok,Male,2020-05-28
bfarmer47,jiKneJN,bfarmer47@simplemachines.org,Bailey,Farmer,Male,2020-04-05
atournay48,EZfCD2JIZud3,atournay48@wisc.edu,Alley,Tournay,Male,2020-06-30
mschollar49,1Qi5iU9,mschollar49@goodreads.com,Michail,Schollar,Male,2020-06-28
gwilloway4a,agijcSO6,gwilloway4a@bigcartel.com,Gretchen,Willoway,Female,2020-05-04
ffoggo4b,R5beLqM,ffoggo4b@xrea.com,Frankie,Foggo,Female,2020-03-16
bgretham4c,iEDVe6j,bgretham4c@dagondesign.com,Bryna,Gretham,Female,2020-07-07
gmorville4d,F4ZntU,gmorville4d@hud.gov,Grata,Morville,Female,2020-09-02
stelega4e,Ir9FpN,stelega4e@example.com,Shawna,Telega,Female,2020-06-24
kkesper4f,pxU7qEx,kkesper4f@berkeley.edu,Kort,Kesper,Male,2020-03-17
bfurst4g,4yrVgZsIeqpS,bfurst4g@msu.edu,Barrie,Furst,Male,2020-05-08
oheeps4h,RcSh7US1F,oheeps4h@gravatar.com,Oralla,Heeps,Female,2020-11-18
odeknevet4i,5vFM2wv3WZ2,odeknevet4i@amazon.de,Orion,deKnevet,Male,2020-07-24
kbarlthrop4j,9WhUBc3Dq,kbarlthrop4j@symantec.com,Kassi,Barlthrop,Female,2020-05-24
dbartleet4k,T9znei,dbartleet4k@apache.org,Doloritas,Bartleet,Female,2020-04-27
bswalwel4l,YgupbUwbSX,bswalwel4l@stumbleupon.com,Bertina,Swalwel,Female,2020-05-23
tclouston4m,cR44U0PTMbB,tclouston4m@shareasale.com,Terencio,Clouston,Male,2020-09-22
tmccaig4n,WF8ciVkVziQj,tmccaig4n@netlog.com,Trumann,McCaig,Male,2020-07-03
nhazeldine4o,d1B2pRdaWo,nhazeldine4o@cornell.edu,Niall,Hazeldine,Male,2020-02-10
omedgwick4p,caW6STOzl,omedgwick4p@icio.us,Obed,Medgwick,Male,2021-01-11
amaclaren4q,BLpCWp,amaclaren4q@hud.gov,Antonino,MacLaren,Male,2020-08-06
cmusterd4r,RmtLKtCGcSS,cmusterd4r@addthis.com,Cammi,Musterd,Female,2020-10-19
ndowdell4s,AH2tUEVqF,ndowdell4s@myspace.com,Nestor,Dowdell,Male,2020-03-09
sjenicek4t,1MKK6jYSZg5Z,sjenicek4t@dagondesign.com,Salmon,Jenicek,Male,2020-03-01
tsorensen4u,Sd2zP0x15,tsorensen4u@ucoz.com,Trip,Sorensen,Male,2020-09-19
redon4v,WwWGqQ0XeM,redon4v@sourceforge.net,Royce,Edon,Male,2020-06-25
bpoor4w,O8kG6fdgEkO0,bpoor4w@google.co.uk,Burton,Poor,Male,2020-05-06
mskehan4x,69miOJg,mskehan4x@amazon.de,Myrvyn,Skehan,Male,2020-08-05
ctapping4y,pmOLbd0mthP,ctapping4y@arizona.edu,Casey,Tapping,Female,2020-06-10
speacey4z,8skSIVFs,speacey4z@washingtonpost.com,Saul,Peacey,Male,2020-01-27
dgrainger50,ij2kt8fXu,dgrainger50@forbes.com,Danika,Grainger,Female,2020-10-22
cstanden51,B5PXpne3W,cstanden51@tamu.edu,Carol-jean,Standen,Female,2020-11-10
sromagosa52,XB4nXEh,sromagosa52@goo.gl,Sawyere,Romagosa,Male,2020-06-19
vwhal53,vFLtVAovKgb,vwhal53@joomla.org,Vince,Whal,Male,2020-06-22
amacknight54,xdmqQGV,amacknight54@jugem.jp,Anthony,MacKnight,Male,2020-05-23
dstarmer55,zq4qVhp2QZ8,dstarmer55@harvard.edu,Darleen,Starmer,Female,2020-12-10
mwynrehame56,QXFVggYTQ,mwynrehame56@guardian.co.uk,Moyna,Wynrehame,Female,2020-05-09
balesi57,8Erd4HC,balesi57@jalbum.net,Benoite,Alesi,Female,2020-12-19
dcrissil58,npyVKjiz,dcrissil58@thetimes.co.uk,Dex,Crissil,Male,2020-02-11
hhodgets59,xoeUUZuzlA,hhodgets59@mayoclinic.com,Huntington,Hodgets,Male,2020-07-05
mgoakes5a,1sPVLYSrN,mgoakes5a@vkontakte.ru,Mahmud,Goakes,Male,2020-05-12
lbondley5b,x6SbmAP,lbondley5b@guardian.co.uk,Lily,Bondley,Female,2021-01-01
kwadlow5c,0SW6b8,kwadlow5c@who.int,Kris,Wadlow,Male,2020-11-06
bkatzmann5d,mB7Tgd,bkatzmann5d@princeton.edu,Blondell,Katzmann,Female,2020-04-01
swalthall5e,Bl3TTEs4i,swalthall5e@pagesperso-orange.fr,Sammy,Walthall,Female,2020-02-04
bepton5f,Iuycoy,bepton5f@utexas.edu,Brnaby,Epton,Male,2020-01-19
eandreopolos5g,OoCd4LuYpTjL,eandreopolos5g@weather.com,Esme,Andreopolos,Female,2020-11-23
jbooty5h,0qUHQ1rXrm4,jbooty5h@netlog.com,Joana,Booty,Female,2020-03-01
dthorlby5i,RXpLRHSo,dthorlby5i@edublogs.org,Dorolice,Thorlby,Female,2020-06-14
pdwane5j,El727dz,pdwane5j@ucla.edu,Padget,Dwane,Male,2020-09-22
abranton5k,iElkEJ,abranton5k@home.pl,Alasdair,Branton,Male,2020-08-12
jmushawe5l,UFoL2IlBhvO,jmushawe5l@mayoclinic.com,Jany,Mushawe,Female,2020-11-03
gwhorf5m,JvktIfNH0c,gwhorf5m@cnet.com,Gertrude,Whorf,Female,2020-04-19
hbarbosa5n,LzSJFUfkMK3,hbarbosa5n@ustream.tv,Hildagarde,Barbosa,Female,2020-01-29
messex5o,8iJNP1SM,messex5o@nationalgeographic.com,Milton,Essex,Male,2020-06-15
ahoogendorp5p,35rqvbvFI,ahoogendorp5p@nytimes.com,Alisun,Hoogendorp,Female,2020-05-05
dvigers5q,rpwKu6,dvigers5q@tripod.com,Damara,Vigers,Female,2020-11-21
eelfitt5r,nlRBBTBfgAu,eelfitt5r@utexas.edu,Erek,Elfitt,Male,2020-03-17
ljoney5s,50tMzPHlqe,ljoney5s@flickr.com,Lorine,Joney,Female,2020-06-01
eharrie5t,J1NE3wxL,eharrie5t@msn.com,Eran,Harrie,Female,2020-04-30
emaddinon5u,mCnqx4108huI,emaddinon5u@lycos.com,Ezra,Maddinon,Male,2020-02-17
tsudell5v,VfswkHOpqD3R,tsudell5v@cnet.com,Trisha,Sudell,Female,2020-10-02
vmeuse5w,9o16qN,vmeuse5w@admin.ch,Vivien,Meuse,Female,2020-02-24
fdary5x,9AgqiuBz,fdary5x@yolasite.com,Fidole,Dary,Male,2020-07-08
corchart5y,R2ju33K,corchart5y@linkedin.com,Chan,Orchart,Male,2021-01-13
rmuncer5z,Yg0xsE,rmuncer5z@economist.com,Roze,Muncer,Female,2020-08-01
ichevolleau60,NjZLaq,ichevolleau60@alibaba.com,Ingunna,Chevolleau,Female,2020-08-13
dgirardetti61,jTVc8Eit3,dgirardetti61@usatoday.com,Davida,Girardetti,Female,2020-02-19
minsley62,0oDOcit,minsley62@statcounter.com,Milton,Insley,Male,2020-01-22
ccareless63,6Piw06coCG,ccareless63@sfgate.com,Caroline,Careless,Female,2020-07-14
mlockett64,x8EZnfxuA,mlockett64@mlb.com,Millicent,Lockett,Female,2020-03-09
mnathon65,7WBlWt2c,mnathon65@mediafire.com,Menard,Nathon,Male,2020-05-02
aziemke66,FNQq3b0,aziemke66@examiner.com,Ava,Ziemke,Female,2020-09-23
rcavan67,mEOSWbiqzq,rcavan67@prweb.com,Robert,Cavan,Male,2020-10-03
rbalazin68,eiMoFoQy,rbalazin68@salon.com,Roscoe,Balazin,Male,2020-10-16
emclardie69,6jBggerJZc,emclardie69@jiathis.com,Elladine,McLardie,Female,2021-01-13
hboon6a,uMOoYvt1g1A4,hboon6a@techcrunch.com,Halsy,Boon,Male,2020-05-23
jtremelling6b,ytmd6b,jtremelling6b@issuu.com,Jethro,Tremelling,Male,2020-02-21
nglencrosche6c,8TzlvKDB,nglencrosche6c@nydailynews.com,Nikaniki,Glencrosche,Female,2020-06-15
sdecaroli6d,i3LSigbhDcDI,sdecaroli6d@edublogs.org,Silvain,De Caroli,Male,2020-12-04
rduggen6e,9IyDfj,rduggen6e@networksolutions.com,Reed,Duggen,Male,2020-03-07
rpunt6f,O2VrUgUEX,rpunt6f@soundcloud.com,Rollo,Punt,Male,2020-11-23
ashaefer6g,AjyuWOQo1v,ashaefer6g@technorati.com,Alaster,Shaefer,Male,2020-07-10
scombes6h,sWRmh33MPAn,scombes6h@gmpg.org,Sharleen,Combes,Female,2020-09-05
kworthy6i,VV9KCpHWM,kworthy6i@unblog.fr,Kimberli,Worthy,Female,2020-11-19
lboarder6j,oPJoaAyml,lboarder6j@bing.com,Lindon,Boarder,Male,2020-04-06
gronchetti6k,oNzNB1bU8UED,gronchetti6k@ft.com,Gardy,Ronchetti,Male,2020-01-18
bbrophy6l,DVlZ9C552wsW,bbrophy6l@uiuc.edu,Belvia,Brophy,Female,2020-04-26
tspata6m,9aTRl0,tspata6m@washingtonpost.com,Trueman,Spata,Male,2020-12-30
least6n,R9qMmk,least6n@nhs.uk,Luella,East,Female,2020-04-17
cgilffilland6o,54hAXvU1,cgilffilland6o@meetup.com,Catlaina,Gilffilland,Female,2021-01-08
tdaville6p,Svscftv,tdaville6p@examiner.com,Tess,Daville,Female,2020-06-08
fbertolaccini6q,AhpVMli1u,fbertolaccini6q@typepad.com,Fredek,Bertolaccini,Male,2021-01-03
jaddekin6r,hJ8LjJI,jaddekin6r@msn.com,Jillene,Addekin,Female,2020-04-07
jjull6s,p8SuYZ5s6iP,jjull6s@npr.org,Jenni,Jull,Female,2020-02-05
cruprich6t,U6pWKX61knk5,cruprich6t@ovh.net,Clevie,Ruprich,Male,2020-12-08
gkimpton6u,aZDY6bY,gkimpton6u@google.ru,Gabriele,Kimpton,Male,2021-01-07
cclarae6v,EqEgxb,cclarae6v@cmu.edu,Cynthea,Clarae,Female,2020-05-09
jbendare6w,5lOc4gAc,jbendare6w@fema.gov,Jedediah,Bendare,Male,2020-02-14
gcarnew6x,WjF60JGpyi,gcarnew6x@usatoday.com,Gothart,Carnew,Male,2020-08-21
pfragino6y,HyMzkW,pfragino6y@ox.ac.uk,Peta,Fragino,Female,2020-02-13
achecchi6z,pXhgZX,achecchi6z@technorati.com,Abel,Checchi,Male,2020-07-26
vfullard70,kxzGTeavklmY,vfullard70@elpais.com,Valentijn,Fullard,Male,2020-01-28
mnehls71,G5FsW1FUbI,mnehls71@constantcontact.com,Morey,Nehls,Male,2020-08-04
afaughny72,kJlwQNmLNwI,afaughny72@privacy.gov.au,Artemas,Faughny,Male,2020-03-26
swaylen73,AtrkO0h9L,swaylen73@reverbnation.com,Salomone,Waylen,Male,2020-11-12
frymer74,39PtdLc,frymer74@edublogs.org,Fredrick,Rymer,Male,2020-05-30
hcosterd75,dWPiRtz2uq2N,hcosterd75@cocolog-nifty.com,Hyacinthie,Costerd,Female,2020-09-16
mlanceley76,EsuJ4741,mlanceley76@sbwire.com,Maribeth,Lanceley,Female,2020-08-18
tgrayland77,WewiD3vKXt3,tgrayland77@hhs.gov,Tammara,Grayland,Female,2020-07-24
hfranses78,pMrQ9QJWA6,hfranses78@topsy.com,Harvey,Franses,Male,2020-10-24
kbeardmore79,sI6cDk9,kbeardmore79@qq.com,Kalindi,Beardmore,Female,2020-07-08
lredmile7a,yqduDGaNkrr2,lredmile7a@phoca.cz,Libbi,Redmile,Female,2020-08-03
obeausang7b,vxGINwt1rt,obeausang7b@pinterest.com,Otho,Beausang,Male,2021-01-01
ttees7c,a2s0G1aEPaV,ttees7c@wordpress.com,Timothy,Tees,Male,2020-12-18
ckull7d,aaW4FfuqgH,ckull7d@cloudflare.com,Curcio,Kull,Male,2020-09-16
vgribben7e,MkOTbP,vgribben7e@amazon.com,Vernen,Gribben,Male,2020-06-04
bpurrier7f,RldWrx,bpurrier7f@un.org,Buiron,Purrier,Male,2020-03-25
dfarrah7g,8Y2q0JbfQEv2,dfarrah7g@admin.ch,Dotty,Farrah,Female,2020-03-04
ahousiaux7h,2ISpgTW,ahousiaux7h@odnoklassniki.ru,Adolpho,Housiaux,Male,2020-02-23
hmccreedy7i,CLvJ9tn,hmccreedy7i@columbia.edu,Hillyer,McCreedy,Male,2020-11-05
kbegwell7j,HDnxQHXR,kbegwell7j@army.mil,Kyle,Begwell,Male,2020-09-04
dbalaison7k,sru2Z6Z8L2p,dbalaison7k@quantcast.com,Diannne,Balaison,Female,2020-05-19
lcoolahan7l,KZXxeomEQnM5,lcoolahan7l@github.io,Leda,Coolahan,Female,2020-10-09
cfloyed7m,G4oGoEEMWt5p,cfloyed7m@vinaora.com,Corey,Floyed,Male,2020-12-21
fwhittier7n,ChNKcDp6yY,fwhittier7n@usgs.gov,Flossy,Whittier,Female,2020-08-30
poverlow7o,74L85Q9,poverlow7o@about.me,Pietra,Overlow,Female,2020-08-06
jsurgey7p,5xKNfBdAC3Y,jsurgey7p@slashdot.org,Jefferey,Surgey,Male,2020-11-30
hneward7q,qXXJZfFE,hneward7q@nyu.edu,Helenelizabeth,Neward,Female,2020-09-07
clodwick7r,bRd91kSZFAy,clodwick7r@marriott.com,Calley,Lodwick,Female,2020-08-17
mharkins7s,BnvKMjyTkXKy,mharkins7s@jiathis.com,Mord,Harkins,Male,2020-03-08
citzkovici7t,XSrySPJIl2g,citzkovici7t@meetup.com,Conchita,Itzkovici,Female,2020-06-03
tposselwhite7u,wEijipGQcMTQ,tposselwhite7u@bing.com,Tricia,Posselwhite,Female,2020-12-24
aforsyde7v,fp6ZBATU,aforsyde7v@google.nl,Alyson,Forsyde,Female,2020-03-03
bleithgoe7w,BqvFKVnlXG9,bleithgoe7w@comcast.net,Beau,Leithgoe,Male,2020-05-07
hfranchyonok7x,irLOEZ,hfranchyonok7x@ebay.com,Horten,Franchyonok,Male,2020-02-03
jdaborn7y,qs5DKR,jdaborn7y@geocities.com,Jamaal,Daborn,Male,2020-11-27
iwoollcott7z,xjFM8uit59,iwoollcott7z@163.com,Iggy,Woollcott,Male,2020-12-01
tburston80,d2KlP5PTlTs,tburston80@wordpress.org,Taryn,Burston,Female,2020-02-18
gmeah81,AWF2ZWHq,gmeah81@reverbnation.com,Gilbert,Meah,Male,2020-01-21
traff82,Kq1GcxB016Il,traff82@nytimes.com,Teddie,Raff,Male,2021-01-10
sgalliver83,81IrEkl,sgalliver83@dailymail.co.uk,Stanley,Galliver,Male,2021-01-03
aambrodi84,txqAcu,aambrodi84@ycombinator.com,Adriano,Ambrodi,Male,2020-07-27
bleipnik85,1JTzAYsupgGy,bleipnik85@state.tx.us,Basile,Leipnik,Male,2020-10-31
igodier86,aVbW5jD45q,igodier86@narod.ru,Ikey,Godier,Male,2020-10-24
clongbothom87,I29STb,clongbothom87@w3.org,Cyndy,Longbothom,Female,2020-07-27
kstedson88,R8VMdI2qef,kstedson88@ibm.com,Kerrin,Stedson,Female,2020-12-14
jgarett89,JaCy927GfI,jgarett89@csmonitor.com,Jordan,Garett,Female,2020-09-29
ucolqueran8a,BgBrrdouIb77,ucolqueran8a@bigcartel.com,Ulises,Colqueran,Male,2020-12-01
gfaires8b,Cxw6X3,gfaires8b@fema.gov,Gwendolyn,Faires,Female,2020-02-23
dprovis8c,uk4HJFaJ2mJ1,dprovis8c@phoca.cz,Daniella,Provis,Female,2020-06-17
ilibri8d,GcUaRVTadb,ilibri8d@zdnet.com,Ileane,Libri,Female,2020-02-13
gbassford8e,uitHJCKp,gbassford8e@wunderground.com,Greta,Bassford,Female,2020-01-23
vcicullo8f,YHpxpGO,vcicullo8f@npr.org,Vaclav,Cicullo,Male,2020-11-18
tcoetzee8g,kGZaGf,tcoetzee8g@oaic.gov.au,Tremain,Coetzee,Male,2020-07-22
asybry8h,6gZieG3JYg1,asybry8h@jigsy.com,Angie,Sybry,Female,2020-03-22
alaugharne8i,Io5tX1PEC,alaugharne8i@jimdo.com,Abbe,Laugharne,Female,2020-11-01
drabjohns8j,8V0gaqrEi4gY,drabjohns8j@deviantart.com,Dyana,Rabjohns,Female,2020-04-20
tabbyss8k,2Hpwk7Cdcn54,tabbyss8k@newyorker.com,Thomasa,Abbyss,Female,2020-04-21
ltidgewell8l,0WxfDC9L4,ltidgewell8l@pen.io,Lonnard,Tidgewell,Male,2020-09-27
tkeijser8m,NVJAVe,tkeijser8m@howstuffworks.com,Teador,Keijser,Male,2020-05-02
apiborn8n,JJsGBoDZU6,apiborn8n@fastcompany.com,Allissa,Piborn,Female,2020-09-09
rellwood8o,usoGS7N,rellwood8o@symantec.com,Reggie,Ellwood,Male,2020-01-16
pbjorkan8p,6hBeQyyL,pbjorkan8p@simplemachines.org,Pail,Bjorkan,Male,2020-12-09
mbulger8q,TqLub2liq,mbulger8q@multiply.com,Mendy,Bulger,Male,2020-02-24
nfulloway8r,lOw90UrFVB4,nfulloway8r@ustream.tv,Nichole,Fulloway,Male,2020-07-20
kcharnock8s,YQto1J,kcharnock8s@blogs.com,Kahlil,Charnock,Male,2020-02-24
rmcbean8t,7aOVczK6,rmcbean8t@wikispaces.com,Roana,McBean,Female,2020-07-13
rdrake8u,5y1fkI6j3vMX,rdrake8u@bizjournals.com,Ricca,Drake,Female,2020-07-27
mive8v,BD9FUo,mive8v@wikispaces.com,Marcela,Ive,Female,2020-06-25
esomerlie8w,ixLIO6bADRC3,esomerlie8w@360.cn,Edie,Somerlie,Female,2020-10-20
gmugford8x,zfJwhZ1t250,gmugford8x@google.ru,Gannie,Mugford,Male,2020-09-18
ecarlton8y,qbbTI3,ecarlton8y@answers.com,Essa,Carlton,Female,2020-04-30
dedgington8z,Vcy6cuS87,dedgington8z@xinhuanet.com,Doy,Edgington,Male,2020-11-03
sartiss90,eOP1fdQ,sartiss90@deliciousdays.com,Shawn,Artiss,Male,2020-08-21
lschlagtmans91,rP8NiWq4d,lschlagtmans91@fastcompany.com,Libbie,Schlagtmans,Female,2020-12-13
smorford92,lpqn9w02BK8I,smorford92@wiley.com,Savina,Morford,Female,2020-05-13
lskeene93,smDx3qFwKe,lskeene93@utexas.edu,Leelah,Skeene,Female,2020-10-22
pclitheroe94,6eAcCTZS,pclitheroe94@github.com,Phillis,Clitheroe,Female,2020-06-10
cstobbs95,6Gejf5,cstobbs95@sakura.ne.jp,Caryl,Stobbs,Male,2020-09-19
fjeffcoat96,rTxd6gZNdri,fjeffcoat96@chicagotribune.com,Finley,Jeffcoat,Male,2020-04-01
druckhard97,9vL7gQdv6mh,druckhard97@mapy.cz,Dianemarie,Ruckhard,Female,2020-06-30
amatcham98,dCeB41S,amatcham98@imageshack.us,Angeli,Matcham,Male,2020-08-15
hmacandrew99,Pfreg6IzSM,hmacandrew99@xrea.com,Hillary,MacAndrew,Female,2020-07-04
llangeley9a,kIMJqnX,llangeley9a@washington.edu,Lyn,Langeley,Male,2020-06-23
mmerveille9b,uMlGB3i,mmerveille9b@imgur.com,Maurizio,Merveille,Male,2020-02-29
wreisin9c,BAHSntKT1v1,wreisin9c@google.com.hk,Wilden,Reisin,Male,2020-03-21
cmilsted9d,pTXeF0,cmilsted9d@last.fm,Carlyle,Milsted,Male,2020-11-07
frabson9e,1oH33IiT0X,frabson9e@t.co,Felic,Rabson,Male,2020-10-06
iseals9f,OfnveedIcF0J,iseals9f@msu.edu,Isadore,Seals,Male,2020-02-27
mpettifer9g,zacBaP2PQ2M5,mpettifer9g@amazon.de,Mil,Pettifer,Female,2020-11-16
rgarlinge9h,703atI7hXz,rgarlinge9h@mediafire.com,Ricoriki,Garlinge,Male,2020-11-28
bwinslet9i,4TWEY9w,bwinslet9i@unblog.fr,Berenice,Winslet,Female,2020-05-26
igladwell9j,QOTplDB6Wp,igladwell9j@umich.edu,Idaline,Gladwell,Female,2020-04-02
wgilmour9k,Vzinrq,wgilmour9k@github.io,Wrennie,Gilmour,Female,2020-12-17
gchalfant9l,BvV802,gchalfant9l@delicious.com,Geoffry,Chalfant,Male,2020-05-01
mcrathern9m,rnp6bXHhvoxJ,mcrathern9m@unicef.org,Modesta,Crathern,Female,2020-07-28
mwass9n,PmWQ5Wuj,mwass9n@ebay.com,Merry,Wass,Female,2020-09-29
mdahlgren9o,T1HmIjqWMy,mdahlgren9o@bandcamp.com,Merissa,Dahlgren,Female,2020-08-09
mmacneill9p,cYhwQcKKg9s,mmacneill9p@utexas.edu,Marne,MacNeill,Female,2020-02-21
ctissington9q,axn2aK14S,ctissington9q@scientificamerican.com,Clair,Tissington,Male,2021-01-03
pbrisseau9r,c8UmZaeb,pbrisseau9r@sciencedaily.com,Penni,Brisseau,Female,2020-10-27
vveltman9s,rfazMqYYc,vveltman9s@google.it,Vernon,Veltman,Male,2020-09-10
bmosley9t,GZRJn9h9,bmosley9t@behance.net,Bryce,Mosley,Male,2020-09-11
chastwall9u,UaG1FELM,chastwall9u@slideshare.net,Carmina,Hastwall,Female,2020-01-27
wbrundall9v,zynGN6,wbrundall9v@scientificamerican.com,Willem,Brundall,Male,2020-10-09
dormrod9w,0kwpiQP,dormrod9w@taobao.com,Derrek,Ormrod,Male,2020-04-17
goakenfall9x,YPsP2Whv,goakenfall9x@dailymail.co.uk,Gertrudis,Oakenfall,Female,2020-07-03
gunwin9y,0dc8nsJhy,gunwin9y@imgur.com,Gwenni,Unwin,Female,2020-04-11
cketchell9z,hNv7UPSp,cketchell9z@dell.com,Claudetta,Ketchell,Female,2020-02-12
bbachea0,y0stTmRU7e,bbachea0@guardian.co.uk,Biddy,Bache,Female,2020-11-06
ddelacroixa1,gqtNv6ue,ddelacroixa1@devhub.com,Desdemona,De la croix,Female,2020-01-26
jlewishama2,UtYo1PJKKfJm,jlewishama2@lulu.com,Jamison,Lewisham,Male,2020-02-18
sitzkovwitcha3,36QN5ED,sitzkovwitcha3@lulu.com,Shayne,Itzkovwitch,Male,2020-03-21
tszantoa4,svrGo8D,tszantoa4@europa.eu,Teena,Szanto,Female,2020-05-26
smoizera5,la9wwzQzM,smoizera5@themeforest.net,Silvain,Moizer,Male,2020-04-06
pwhytocka6,RH1lP37b4wA,pwhytocka6@abc.net.au,Packston,Whytock,Male,2020-05-20
mmcgorleya7,qQ7EyBPPv,mmcgorleya7@pcworld.com,Morten,McGorley,Male,2020-07-07
nstoecka8,B0QxBV3jFGZD,nstoecka8@huffingtonpost.com,North,Stoeck,Male,2020-02-26
eandreottia9,BdExKYVXj,eandreottia9@over-blog.com,Elvyn,Andreotti,Male,2020-06-26
nrayneaa,O1AB28,nrayneaa@sourceforge.net,Nathan,Rayne,Male,2020-07-12
droseveareab,kiUKEf46,droseveareab@japanpost.jp,Dolli,Roseveare,Female,2020-03-29
gfoucardac,F7nPpu,gfoucardac@ucoz.ru,Gris,Foucard,Male,2020-02-04
rpoizerad,mSqbm3f5,rpoizerad@nhs.uk,Rici,Poizer,Female,2020-09-09
chawksworthae,FB52yRiY,chawksworthae@newsvine.com,Colene,Hawksworth,Female,2020-06-16
ggalliardaf,R9lp4I7sIc,ggalliardaf@answers.com,Gabi,Galliard,Male,2020-10-02
gscraftonag,yCpekZda5,gscraftonag@engadget.com,Geralda,Scrafton,Female,2020-05-26
ebarkah,hhZNJMeq,ebarkah@yandex.ru,Estelle,Bark,Female,2020-10-02
hpordallai,UHrX8PXonFZ,hpordallai@tripod.com,Hollie,Pordall,Female,2020-09-21
mbriamoaj,IOtg0fx6AzQB,mbriamoaj@shop-pro.jp,Margaretha,Briamo,Female,2020-03-25
vhutchingesak,oJ0tak,vhutchingesak@wired.com,Verile,Hutchinges,Female,2020-05-04
fbracegirdleal,Z0wINeYc8,fbracegirdleal@aol.com,Finn,Bracegirdle,Male,2020-04-19
svictoriaam,tdbYPV,svictoriaam@illinois.edu,Shel,Victoria,Female,2020-07-01
tchivrallan,lflSeBy,tchivrallan@china.com.cn,Tirrell,Chivrall,Male,2020-03-13
srozao,5e9EbK6y09,srozao@bing.com,Sybilla,Roz,Female,2020-03-20
afrielap,4ebujtRRQ8E,afrielap@soundcloud.com,Abelard,Friel,Male,2020-09-04
tvairowaq,xkJROYQfR2V,tvairowaq@gov.uk,Tabor,Vairow,Male,2020-05-21
acristoforiar,GjGzrp,acristoforiar@is.gd,Arny,Cristofori,Male,2020-06-02
apetticanas,cxMSPE,apetticanas@wikispaces.com,Aprilette,Pettican,Female,2020-07-30
sbringloeat,cmCzDeX,sbringloeat@acquirethisname.com,Suellen,Bringloe,Female,2020-10-21
privelau,sNvCf4,privelau@technorati.com,Patric,Rivel,Male,2020-05-19
jgrubeyav,R2jyiYO,jgrubeyav@exblog.jp,Judd,Grubey,Male,2020-10-28
bquartlyaw,gM5bp2tqE6K,bquartlyaw@gmpg.org,Bevvy,Quartly,Female,2020-10-12
agoodhayax,oC9quiJ12ue,agoodhayax@youku.com,Aeriell,Goodhay,Female,2020-01-23
mironsay,ABjXZd1il,mironsay@dmoz.org,Minette,Irons,Female,2020-01-20
gtruelockaz,8J658v0,gtruelockaz@networksolutions.com,Giraldo,Truelock,Male,2020-10-19
wmeakesb0,ta9ygwoQM,wmeakesb0@tinyurl.com,Winnie,Meakes,Female,2020-03-26
gseyffertb1,NB8qTVy,gseyffertb1@sogou.com,Geoffry,Seyffert,Male,2020-12-20
bmunktonb2,1Cox4h0kM,bmunktonb2@uiuc.edu,Bernete,Munkton,Female,2020-04-04
cmaysorb3,m8zldQ,cmaysorb3@youku.com,Christiano,Maysor,Male,2020-09-21
jgremainb4,Zfv7gcq4zH9,jgremainb4@example.com,Jarrad,Gremain,Male,2020-07-23
wcosserb5,X8cFkyuF,wcosserb5@addtoany.com,Wallie,Cosser,Male,2020-11-17
dbrienb6,67KXlJg,dbrienb6@ucoz.ru,Dyann,Brien,Female,2020-08-08
gphillottb7,0mMNdhf,gphillottb7@archive.org,Galven,Phillott,Male,2020-12-02
rscraggb8,lF1PuYZ,rscraggb8@wired.com,Reed,Scragg,Male,2020-08-21
dvasnevb9,F3JEwZ5,dvasnevb9@sun.com,Damien,Vasnev,Male,2020-02-12
ahidderleyba,bvEOmk6td,ahidderleyba@last.fm,Antonino,Hidderley,Male,2020-10-30
tkidbybb,1Mbf2MFXFc,tkidbybb@telegraph.co.uk,Thornton,Kidby,Male,2020-11-20
hessambc,iQDoKn,hessambc@paypal.com,Hanson,Essam,Male,2020-10-26
dhunnambd,LNRClL,dhunnambd@1und1.de,Donaugh,Hunnam,Male,2020-08-29
hmccanebe,6Ui8tgI,hmccanebe@miitbeian.gov.cn,Hank,McCane,Male,2020-10-26
oblackledgebf,zP9sbWc9dE,oblackledgebf@ebay.co.uk,Odelinda,Blackledge,Female,2020-10-21
ajachimczakbg,tuZyiGel,ajachimczakbg@digg.com,Anna-diane,Jachimczak,Female,2020-06-30
woughtonbh,qSE3d5,woughtonbh@spiegel.de,Wallas,Oughton,Male,2020-12-08
pmcasgillbi,HKWxsbs41,pmcasgillbi@fema.gov,Phillie,McAsgill,Female,2020-02-13
bclemontbj,QRwbDsED,bclemontbj@wordpress.org,Brantley,Clemont,Male,2020-12-23
jwessonbk,l4RcHld3Ef,jwessonbk@cisco.com,Jane,Wesson,Female,2020-08-28
edronbl,L39WZ0OT,edronbl@loc.gov,Emeline,Dron,Female,2020-05-08
sdulybm,uvmNavXT,sdulybm@google.com.br,Sid,Duly,Male,2020-10-28
gbigginbn,4ZKmgmrgSm,gbigginbn@youku.com,Glenn,Biggin,Male,2020-11-29
kmcguckinbo,KQoUsRXeLFq9,kmcguckinbo@wix.com,Kaila,McGuckin,Female,2020-11-13
slillywhitebp,KGuEx5TsB,slillywhitebp@constantcontact.com,Sheilakathryn,Lillywhite,Female,2020-01-16
emacginneybq,O5JyGMfSmL71,emacginneybq@cbc.ca,Emalee,MacGinney,Female,2020-10-01
amcdarmidbr,i5beFTeT,amcdarmidbr@buzzfeed.com,Andre,McDarmid,Male,2020-07-11
swyattbs,ve3OyJ,swyattbs@ucoz.ru,Sully,Wyatt,Male,2020-04-19
htravisbt,pksaP2Ciy8uP,htravisbt@prweb.com,Hermy,Travis,Male,2020-09-13
agegaybu,7qG68He,agegaybu@wsj.com,Arda,Gegay,Female,2020-02-09
kvenourbv,dUmvcG2zQQ0R,kvenourbv@oracle.com,Kirbie,Venour,Female,2020-04-30
rhowsegobw,jjWwyB,rhowsegobw@ucsd.edu,Rosemaria,Howsego,Female,2020-08-05
lalevequebx,F8HKEZLc,lalevequebx@aol.com,Lory,Aleveque,Female,2020-11-12
abendareby,o5eDtvHX,abendareby@netvibes.com,Allard,Bendare,Male,2021-01-14
ifeatherstonebz,oRINDNOFH,ifeatherstonebz@forbes.com,Ingunna,Featherstone,Female,2020-05-19
hbuesdenc0,0iIjA8h,hbuesdenc0@theglobeandmail.com,Hayes,Buesden,Male,2020-02-26
jwhittingtonc1,2Lb2h0lx,jwhittingtonc1@digg.com,Janette,Whittington,Female,2020-10-17
gsainsburybrownc2,ujqkjOamG9,gsainsburybrownc2@nih.gov,Glynda,Sainsbury-Brown,Female,2020-06-27
rstrangmanc3,MiDSJiWixTF,rstrangmanc3@bravesites.com,Rachelle,Strangman,Female,2020-03-27
hmcturkc4,t7oxlrP,hmcturkc4@vkontakte.ru,Haleigh,McTurk,Female,2020-09-11
tfrankenc5,ATXQCeErukx,tfrankenc5@goodreads.com,Terrance,Franken,Male,2020-11-02
swestc6,74fbMKMW,swestc6@wiley.com,Sandor,West,Male,2021-01-15
adorbinc7,SYxmNx,adorbinc7@java.com,Art,Dorbin,Male,2020-04-22
lohickeec8,SIcTaranr,lohickeec8@ucoz.com,Lara,O'Hickee,Female,2020-04-12
qfeeneyc9,AT4rhqZ3Z9,qfeeneyc9@house.gov,Quintin,Feeney,Male,2020-06-07
eangeloca,PArjGT8PZoi,eangeloca@fotki.com,Elisha,Angelo,Male,2020-07-08
sdetheridgecb,BGVo9jXHos,sdetheridgecb@themeforest.net,Sutherlan,Detheridge,Male,2020-10-17
kmenichicc,SJnZDZDkE,kmenichicc@ed.gov,Kippy,Menichi,Male,2020-03-12
ralredcd,cVmzOkYC,ralredcd@is.gd,Rose,Alred,Female,2020-08-31
dpendleberryce,eaO59bj,dpendleberryce@addtoany.com,Danni,Pendleberry,Female,2020-01-18
asparshattcf,aS9myekIYl,asparshattcf@e-recht24.de,Akim,Sparshatt,Male,2020-01-24
gthiemcg,VEVAzsT4VF9,gthiemcg@bigcartel.com,Giraud,Thiem,Male,2020-10-01
eshaddickch,YPx0aEJQKb79,eshaddickch@tmall.com,Evangelin,Shaddick,Female,2020-08-11
dleateci,NFrlSmQCGbVl,dleateci@si.edu,Dudley,Leate,Male,2020-08-13
dduerdincj,Pt1y7Mamf,dduerdincj@cocolog-nifty.com,Dun,Duerdin,Male,2020-03-14
jadelmanck,0NKcwB5J,jadelmanck@histats.com,Jelene,Adelman,Female,2020-08-06
vgalfourcl,W4sNmha08EL,vgalfourcl@java.com,Valli,Galfour,Female,2020-05-29
eliepmanncm,nH7quX,eliepmanncm@amazon.co.uk,Ericha,Liepmann,Female,2021-01-09
jcarecn,QXOUWAdSNwP,jcarecn@google.pl,Jae,Care,Male,2020-05-04
hfraylingco,owB1OM3br,hfraylingco@pen.io,Hank,Frayling,Male,2020-11-02
bectorcp,4Kr6oih,bectorcp@jugem.jp,Bamby,Ector,Female,2020-11-09
ahallercq,7Y279V,ahallercq@fema.gov,Anselma,Haller,Female,2020-02-10
nhaselcr,LInNgM,nhaselcr@devhub.com,Noam,Hasel,Male,2020-09-27
mbraidmancs,kiAqmSETI0J,mbraidmancs@bing.com,Mariejeanne,Braidman,Female,2020-05-20
rsprionghallct,KUdV88y,rsprionghallct@tripod.com,Rudyard,Sprionghall,Male,2020-03-28
domullencu,q59wWUz,domullencu@comcast.net,Daniella,O Mullen,Female,2020-12-22
agabbatisscv,ByrYiU3IB38,agabbatisscv@baidu.com,Alejandro,Gabbatiss,Male,2020-02-13
cmongincw,tfdTEvZxV,cmongincw@quantcast.com,Cornela,Mongin,Female,2020-09-13
kpyottcx,NgMBCDFwz,kpyottcx@ebay.co.uk,Kikelia,Pyott,Female,2020-04-25
emcturloughcy,pa6gGgUH,emcturloughcy@smh.com.au,Evie,McTurlough,Female,2020-04-19
squippcz,At0WKCfH,squippcz@youku.com,Stesha,Quipp,Female,2020-04-20
mellamand0,aOYxn2V4WeVF,mellamand0@flickr.com,Malvin,Ellaman,Male,2020-09-08
tformbyd1,ZjWzQsXsZRx,tformbyd1@gov.uk,Tibold,Formby,Male,2020-11-01
lmacpadened2,tafA9xj,lmacpadened2@jugem.jp,Lilia,MacPadene,Female,2020-04-25
tmonkhoused3,BBYxolcUu,tmonkhoused3@geocities.com,Tessy,Monkhouse,Female,2020-08-19
fkelceyd4,3WlWEI58cK,fkelceyd4@wordpress.org,Fred,Kelcey,Female,2020-05-24
clockartd5,Dszgo8HGg,clockartd5@weebly.com,Cam,Lockart,Male,2021-01-13
bpairpointd6,Kd5SYIIiS,bpairpointd6@chronoengine.com,Boothe,Pairpoint,Male,2020-09-27
eflecknoed7,ooCU20JZh,eflecknoed7@google.ru,Eunice,Flecknoe,Female,2020-06-12
mcatchpoled8,h2ytOZtBV,mcatchpoled8@abc.net.au,Marchelle,Catchpole,Female,2020-11-08
aheinricid9,mv8qtH,aheinricid9@wunderground.com,Audrey,Heinrici,Female,2020-10-02
lgethouseda,amN3l9,lgethouseda@nydailynews.com,Leisha,Gethouse,Female,2020-06-25
wmicklewrightdb,CReNdHGK,wmicklewrightdb@businessweek.com,Winna,Micklewright,Female,2020-10-15
cwestphalendc,Aj0bG5FASUV,cwestphalendc@cornell.edu,Cord,Westphalen,Male,2020-12-10
cbootydd,YNTdyVBlbRw,cbootydd@cdc.gov,Cloris,Booty,Female,2020-07-28
fvassde,JroxnRM,fvassde@gnu.org,Ferdinand,Vass,Male,2021-01-15
fmillindf,NexRQob0jRAQ,fmillindf@state.gov,Finley,Millin,Male,2020-06-22
nhuychedg,V64tJYnCc,nhuychedg@csmonitor.com,Nolie,Huyche,Female,2020-09-20
urichindh,XkKyoWh2WDA,urichindh@ed.gov,Udall,Richin,Male,2020-11-16
egarleydi,3L23RE,egarleydi@telegraph.co.uk,Ewen,Garley,Male,2020-03-21
nportmandj,nPzIHHInPhU,nportmandj@smugmug.com,Nick,Portman,Male,2020-02-01
whurndk,b8Y2bNw4MqE,whurndk@google.fr,Wallie,Hurn,Male,2020-03-28
mremondl,EfvUfaS,mremondl@ustream.tv,Marnie,Remon,Female,2020-03-06
gdowthwaitedm,s4IOsl,gdowthwaitedm@vimeo.com,Giff,Dowthwaite,Male,2020-12-11
regginsondn,mJBFHoe,regginsondn@walmart.com,Rasia,Egginson,Female,2020-08-23
ejurisdo,SkC7a8L,ejurisdo@buzzfeed.com,Edlin,Juris,Male,2020-03-30
vkreuzerdp,cRioybgNk,vkreuzerdp@amazonaws.com,Valaree,Kreuzer,Female,2020-09-25
dmcaughtriedq,waNRlB,dmcaughtriedq@sina.com.cn,Dill,McAughtrie,Male,2020-11-20
kreskellydr,b1s2jZL9szBc,kreskellydr@webnode.com,Karney,Reskelly,Male,2020-02-11
dawcockds,q42InZbc5d40,dawcockds@slashdot.org,Delila,Awcock,Female,2020-04-11
vbakewelldt,3PH3ec,vbakewelldt@gizmodo.com,Vida,Bakewell,Female,2020-05-01
yraoultdu,IWVBBwfJ,yraoultdu@purevolume.com,Yoko,Raoult,Female,2020-05-08
mtorrancedv,CwmbPWb,mtorrancedv@tuttocitta.it,Mattias,Torrance,Male,2020-05-26
ltuillerdw,hk7zDei3BoH,ltuillerdw@ebay.com,Lewie,Tuiller,Male,2020-04-18
lwalkinshawdx,w4iyMvKN,lwalkinshawdx@npr.org,Leo,Walkinshaw,Male,2020-10-15
dcandelindy,NBPu2Y9KeKPu,dcandelindy@nih.gov,Diana,Candelin,Female,2020-05-13
helgooddz,rwF37KA4OVPp,helgooddz@alibaba.com,Helene,Elgood,Female,2020-11-18
atourse0,BYT3Dv,atourse0@wikispaces.com,Amanda,Tours,Female,2020-03-08
lbenoise1,031V3wYfW,lbenoise1@nih.gov,Lacie,Benois,Female,2020-11-25
jcappse2,PB3FSI,jcappse2@wufoo.com,Jsandye,Capps,Female,2020-02-05
tsplevinge3,uovh8elf9,tsplevinge3@about.com,Tommi,Spleving,Female,2020-12-03
btrasee4,fbiNWeuR,btrasee4@gov.uk,Burty,Trase,Male,2020-10-06
edomsallae5,qrZ87QM,edomsallae5@dmoz.org,Elna,Domsalla,Female,2020-04-25
amoscone6,j0JYlHVvQ4bs,amoscone6@va.gov,Ashleigh,Moscon,Female,2020-08-17
nvoadene7,787XPOHefQvY,nvoadene7@hatena.ne.jp,Nissa,Voaden,Female,2020-09-29
kaldhouse8,7JIkNF5,kaldhouse8@hatena.ne.jp,Keefe,Aldhous,Male,2020-12-29
msedgmonde9,zsB8Df7,msedgmonde9@vistaprint.com,Merna,Sedgmond,Female,2020-10-01
dminigoea,eL7bolZUuf3,dminigoea@ucoz.ru,Danya,Minigo,Male,2020-01-27
ledgeleyeb,VKLiVkQ,ledgeleyeb@statcounter.com,Lay,Edgeley,Male,2020-06-23
jlyddyardec,dB5bjZAmO,jlyddyardec@mapy.cz,Jeffy,Lyddyard,Male,2020-08-13
lkeileyed,MdVzEFfhYFYj,lkeileyed@mashable.com,Lawry,Keiley,Male,2020-10-20
amauldenee,J54NHhdsy0dT,amauldenee@deliciousdays.com,Allina,Maulden,Female,2020-04-11
mslightef,Z5CfRZW,mslightef@ucla.edu,Mignonne,Slight,Female,2020-07-11
ffilipiceg,OdNb4ASu,ffilipiceg@sfgate.com,Frankie,Filipic,Female,2020-11-04
jallsepeh,b7MHL3,jallsepeh@newyorker.com,Jaquelyn,Allsep,Female,2020-12-14
rgrinishinei,FzA7Ad,rgrinishinei@msn.com,Ringo,Grinishin,Male,2020-06-25
tmcanenyej,FY3z84,tmcanenyej@joomla.org,Timothy,McAneny,Male,2020-07-21
emcgaugheyek,pw6n6nZAA,emcgaugheyek@nymag.com,Ernesta,McGaughey,Female,2021-01-09
creenel,TqfA4OTlz8,creenel@virginia.edu,Crissy,Reen,Female,2020-09-22
ovaleem,4DK55cY,ovaleem@skyrock.com,Otis,Vale,Male,2020-11-13
swelbanden,88V4GXw8bnUw,swelbanden@sohu.com,Stormie,Welband,Female,2020-03-23
ikrysiakeo,5O25ic7hc,ikrysiakeo@toplist.cz,Imogen,Krysiak,Female,2020-09-20
mandrichakep,2rnQ5UgbA3EC,mandrichakep@economist.com,Merci,Andrichak,Female,2020-03-03
rcroftseq,eWZxFW7NKu,rcroftseq@addtoany.com,Ronalda,Crofts,Female,2020-09-29
kgaskarther,pkGLzF,kgaskarther@icio.us,Kris,Gaskarth,Female,2020-07-21
bhuggones,fAjqRXAeDQm9,bhuggones@seesaa.net,Billy,Huggon,Male,2020-01-23
emarjoribankset,sAvEfnhG,emarjoribankset@nhs.uk,Elyse,Marjoribanks,Female,2020-11-11
brosengreneu,y4rPO19M,brosengreneu@mozilla.com,Beth,Rosengren,Female,2020-06-25
hcolquyteev,5WBgOfyt,hcolquyteev@purevolume.com,Horten,Colquyte,Male,2020-11-29
ebatripew,Ni2RNj2M6N9,ebatripew@csmonitor.com,Ewart,Batrip,Male,2020-03-17
efairhallex,RQxROaHOPUq,efairhallex@sbwire.com,Emilio,Fairhall,Male,2020-09-13
lgrzegoreckiey,tBEceQT,lgrzegoreckiey@csmonitor.com,Laird,Grzegorecki,Male,2020-12-21
ekennifickez,UkUeutYJ,ekennifickez@angelfire.com,Essa,Kennifick,Female,2020-11-26
ecammiemilef0,aF1KtE,ecammiemilef0@blogtalkradio.com,Ebeneser,Cammiemile,Male,2021-01-05
nsarfassf1,hzRQB0pV,nsarfassf1@rambler.ru,Nelson,Sarfass,Male,2020-09-28
agallief2,Rbf7yxp0,agallief2@senate.gov,Adelaida,Gallie,Female,2020-12-01
gbangf3,pZL3tHi0Xe9,gbangf3@devhub.com,Guss,Bang,Male,2020-08-20
jgwynnef4,Q3MK7NZmE,jgwynnef4@scribd.com,Janeczka,Gwynne,Female,2020-07-03
supsalef5,Pu9SLf7,supsalef5@baidu.com,Sarette,Upsale,Female,2020-08-24
dwoolenf6,8hmZZcEc,dwoolenf6@cbc.ca,D'arcy,Woolen,Male,2020-07-11
jriteleyf7,JtRCJ26Vzj,jriteleyf7@hud.gov,Jamie,Riteley,Male,2020-10-07
besserf8,NR8hyDe,besserf8@slideshare.net,Bailie,Esser,Male,2020-06-03
araultf9,ah6pUo,araultf9@omniture.com,Ave,Rault,Male,2020-05-14
teasterlingfa,SmewjMuDIW,teasterlingfa@reuters.com,Tucky,Easterling,Male,2020-10-12
mnotherfb,3PMJb9N5P,mnotherfb@howstuffworks.com,Matty,Nother,Male,2020-03-27
cmorsomfc,fGqrNVx0,cmorsomfc@bbc.co.uk,Clarine,Morsom,Female,2020-01-27
stysonfd,yWS9KbC,stysonfd@wunderground.com,Scarlett,Tyson,Female,2020-03-26
dricketsfe,ljkGULz,dricketsfe@shinystat.com,Dorene,Rickets,Female,2020-10-30
ilintsff,KhOOTQqHE,ilintsff@infoseek.co.jp,Isidor,Lints,Male,2020-04-08
egammidgefg,0w8ZEsPTC,egammidgefg@twitpic.com,Enrica,Gammidge,Female,2020-04-07
nmccawleyfh,8aBrHNh,nmccawleyfh@netlog.com,Nadia,McCawley,Female,2020-11-06
samblerfi,6gjJQwtuD,samblerfi@abc.net.au,Steffie,Ambler,Female,2020-04-21
pbinnionfj,MNhEU7bfa,pbinnionfj@domainmarket.com,Paul,Binnion,Male,2020-08-18
solkowiczfk,vwHbmACBi,solkowiczfk@privacy.gov.au,Sapphira,Olkowicz,Female,2020-02-26
smilliganfl,xSqkJX3N,smilliganfl@utexas.edu,Silvan,Milligan,Male,2020-09-10
htackleyfm,0mHgf7Etg,htackleyfm@businesswire.com,Hilarius,Tackley,Male,2020-08-23
jdellitfn,Gl7CrMko,jdellitfn@craigslist.org,Jeramie,Dellit,Male,2020-08-24
chebardfo,SK6HAdXl,chebardfo@sourceforge.net,Cortie,Hebard,Male,2020-07-19
mfreschinifp,5j02k1u7Q,mfreschinifp@unesco.org,Mahmoud,Freschini,Male,2020-04-09
atregaskisfq,sYQ40nSp,atregaskisfq@reddit.com,Allyson,Tregaskis,Female,2021-01-01
tcampsallfr,CEozxmL,tcampsallfr@barnesandnoble.com,Tibold,Campsall,Male,2020-08-31
fduguidfs,1Rcy6D36Bs,fduguidfs@marriott.com,Florette,Duguid,Female,2020-11-24
wsteeleft,4LOLog,wsteeleft@taobao.com,Wilma,Steele,Female,2020-10-13
cburfittfu,2AJFfto,cburfittfu@amazon.com,Collete,Burfitt,Female,2020-08-13
alimerickfv,58d8AFDkU,alimerickfv@google.nl,Ad,Limerick,Male,2020-03-30
censtonfw,jCalAzcWu80y,censtonfw@123-reg.co.uk,Court,Enston,Male,2020-07-14
elightenfx,njSTe7ff,elightenfx@go.com,Eadmund,Lighten,Male,2020-03-18
yjaulmefy,qYQTwIev7e,yjaulmefy@elegantthemes.com,Yvonne,Jaulme,Female,2020-03-11
bheimesfz,79ZlBua26915,bheimesfz@de.vu,Bary,Heimes,Male,2020-07-20
eaxfordg0,J9Taq2d1KJk,eaxfordg0@sohu.com,Ethelred,Axford,Male,2020-05-06
cstonuaryg1,NozR584jx,cstonuaryg1@hp.com,Cherice,Stonuary,Female,2020-10-12
abridgnellg2,xXy11ISFtZd,abridgnellg2@unicef.org,Adan,Bridgnell,Male,2020-11-25
rdyottg3,I6DFi44Qa,rdyottg3@fda.gov,Rhona,Dyott,Female,2021-01-10
rwatkinsong4,y7HvJHFSA8nO,rwatkinsong4@ftc.gov,Ruthy,Watkinson,Female,2021-01-04
cscotchforthg5,pxMmohW6jKA,cscotchforthg5@telegraph.co.uk,Care,Scotchforth,Male,2020-08-01
clearmouthg6,TsVLXzS0,clearmouthg6@ow.ly,Colene,Learmouth,Female,2020-01-31
bsapeyg7,7Nsh4YH,bsapeyg7@scribd.com,Bernelle,Sapey,Female,2020-06-06
dvigneg8,aVTpiW,dvigneg8@icio.us,Dyane,Vigne,Female,2020-04-17
jbeastallg9,iTLKSV,jbeastallg9@delicious.com,Joby,Beastall,Female,2020-05-05
mtuplingga,liXQCJusW,mtuplingga@huffingtonpost.com,Melisande,Tupling,Female,2020-01-20
fhallfordgb,50LfHn,fhallfordgb@phoca.cz,Fraser,Hallford,Male,2020-09-26
devisongc,TXm6QS795t4R,devisongc@weebly.com,Datha,Evison,Female,2020-10-20
aaronsteingd,23NcvNYLkl,aaronsteingd@creativecommons.org,Arabelle,Aronstein,Female,2020-07-30
jsimionge,iDUMubyVbRCB,jsimionge@cbslocal.com,Juliette,Simion,Female,2020-02-03
ssinnattgf,kq3gtw,ssinnattgf@wordpress.org,Sydney,Sinnatt,Female,2020-05-30
aasgodbygg,YNsujMo9vtSO,aasgodbygg@jigsy.com,Agnes,Asgodby,Female,2020-08-16
pbrewstergh,AlqQE9C,pbrewstergh@telegraph.co.uk,Paige,Brewster,Female,2021-01-12
rfinlatergi,OQCgoiuzVbK,rfinlatergi@cisco.com,Rafaelita,Finlater,Female,2020-10-13
rlentongj,6mIFlR3J3Xw,rlentongj@meetup.com,Ripley,Lenton,Male,2020-05-27
dconibeergk,8cKfq5H,dconibeergk@npr.org,Doris,Conibeer,Female,2020-05-29
lgrimsdithgl,DQHEAzhLwZ,lgrimsdithgl@nydailynews.com,Lizbeth,Grimsdith,Female,2021-01-04
hbentongm,I38apAA0,hbentongm@skype.com,Heall,Benton,Male,2020-08-06
cleabeatergn,Ls4OaSMvOaD,cleabeatergn@bluehost.com,Cecil,Leabeater,Male,2020-04-28
cfrugiergo,9afvOsBa,cfrugiergo@hubpages.com,Christen,Frugier,Female,2020-07-08
eiveansgp,A8U1pt,eiveansgp@businessinsider.com,Esdras,Iveans,Male,2020-04-27
cpladengq,bqrXTJrWA,cpladengq@ifeng.com,Carrissa,Pladen,Female,2020-08-05
clomondgr,daTZj3,clomondgr@hud.gov,Court,Lomond,Male,2020-03-18
clivockgs,HWAx0eeH,clivockgs@blogs.com,Colette,Livock,Female,2020-10-06
dgutersongt,AoGqCrHU,dgutersongt@samsung.com,Dorie,Guterson,Male,2020-04-06
cmacsweengu,bKXZCK,cmacsweengu@moonfruit.com,Carley,MacSween,Female,2020-12-25
lmelmargv,KbgVIqg,lmelmargv@europa.eu,Lorrin,Melmar,Female,2020-02-09
eberkelygw,wmYhiYc08,eberkelygw@java.com,Estel,Berkely,Female,2020-03-05
cfantigx,S1KXv8EaHMZO,cfantigx@go.com,Casar,Fanti,Male,2020-03-14
mandrieuxgy,KsmoIQK,mandrieuxgy@diigo.com,Maurie,Andrieux,Male,2020-10-05
kswyngz,K8Z0go,kswyngz@com.com,Karrie,Swyn,Female,2020-06-15
ngreensidesh0,z1Su3HyR,ngreensidesh0@state.tx.us,Neila,Greensides,Female,2020-02-02
mmaccoughanh1,xiFK0qPjNg8z,mmaccoughanh1@google.com,Michele,MacCoughan,Male,2020-11-11
odaberh2,l8f3aE,odaberh2@skyrock.com,Ola,Daber,Female,2020-03-28
mdarlowh3,1cEJolNK,mdarlowh3@bigcartel.com,Markos,Darlow,Male,2020-10-17
mmcculleyh4,gx6Sx6ey9SD,mmcculleyh4@google.ru,Marin,McCulley,Female,2020-03-19
cmeeginh5,lUEoycA,cmeeginh5@wisc.edu,Cairistiona,Meegin,Female,2020-07-23
smccaigheyh6,BxzQsfXGV6E,smccaigheyh6@cafepress.com,Sammy,McCaighey,Female,2020-04-25
anelthorpeh7,bpU4DvWaI,anelthorpeh7@dailymotion.com,Abeu,Nelthorpe,Male,2020-03-26
pnewickh8,GhTRvG,pnewickh8@bizjournals.com,Pippy,Newick,Female,2020-04-10
mbuffeyh9,sFPQY1gX,mbuffeyh9@zimbio.com,Marcella,Buffey,Female,2020-08-16
crigbyha,q7EI2bEZWQ,crigbyha@typepad.com,Carissa,Rigby,Female,2020-01-29
gcasinahb,1e7eWUi5CpbF,gcasinahb@mtv.com,Gratiana,Casina,Female,2020-10-10
mharlinghc,TkdjYivXzuzS,mharlinghc@nydailynews.com,Marty,Harling,Female,2020-11-11
obettyhd,kfyCkQ2K4c,obettyhd@privacy.gov.au,Orren,Betty,Male,2020-07-22
spapeshe,Nc6ZtcBlDsP,spapeshe@cyberchimps.com,Sidney,Papes,Male,2020-12-24
lcoenraetshf,5zTseY,lcoenraetshf@histats.com,Lucias,Coenraets,Male,2020-09-16
zprittyhg,HCFHcqzqEOX,zprittyhg@nifty.com,Zulema,Pritty,Female,2020-10-30
jliddingtonhh,rc75o0XD,jliddingtonhh@dmoz.org,Jobye,Liddington,Female,2020-12-16
mmagoghi,GzXEW4wa,mmagoghi@slashdot.org,Maryrose,Magog,Female,2020-04-02
sworsamhj,T2E2SAoc,sworsamhj@ibm.com,Sidney,Worsam,Male,2020-07-15
mgillowhk,OrDqjd,mgillowhk@studiopress.com,Michal,Gillow,Female,2020-10-29
agladdolphhl,b3crlWnw1,agladdolphhl@youku.com,Angelo,Gladdolph,Male,2020-09-05
ishitliffehm,4OKLYizSh,ishitliffehm@bing.com,Ingelbert,Shitliffe,Male,2020-11-28
mriddockhn,IfWwaqzk,mriddockhn@fda.gov,Marie,Riddock,Female,2020-07-10
hharnottho,0qp1PSKZmX,hharnottho@freewebs.com,Hart,Harnott,Male,2020-05-09
ccumeshp,ZJupzOYg,ccumeshp@youtu.be,Corbet,Cumes,Male,2020-02-07
aobrayhq,0SvmoVIzJZH,aobrayhq@sphinn.com,Adria,Obray,Female,2020-02-20
lgettenshr,zAylKKF2zbJ1,lgettenshr@bbc.co.uk,Lida,Gettens,Female,2020-04-12
omaureenhs,thHsG5Eqwg,omaureenhs@t-online.de,Ozzie,Maureen,Male,2020-05-05
hsharrattht,ZHoRK44WsYWy,hsharrattht@deviantart.com,Haley,Sharratt,Female,2020-06-02
gdudgeonhu,rhueWBD2GRHs,gdudgeonhu@booking.com,Georgiana,Dudgeon,Female,2020-04-24
dmcgaheyhv,yAWg7Jn1,dmcgaheyhv@about.com,Davine,McGahey,Female,2020-01-21
wghidellihw,ur9BSA,wghidellihw@com.com,Wyndham,Ghidelli,Male,2020-05-05
adregerhx,qV8kwcxUL,adregerhx@goo.ne.jp,Alfredo,Dreger,Male,2020-07-18
ddeamhy,9EFj8jPKaP4a,ddeamhy@taobao.com,Derek,Deam,Male,2020-02-29
rchauveyhz,Bhps90gJ,rchauveyhz@furl.net,Roselia,Chauvey,Female,2020-07-29
cpitneyi0,8zdMzfT,cpitneyi0@washington.edu,Carroll,Pitney,Male,2020-01-25
lhubbocki1,RtI1XFly,lhubbocki1@amazonaws.com,Lynnette,Hubbock,Female,2020-03-16
wtschurschi2,FFH8xf1g,wtschurschi2@jigsy.com,Willetta,Tschursch,Female,2020-05-02
gsturtoni3,IF11e8qFGh6j,gsturtoni3@gizmodo.com,Gerti,Sturton,Female,2020-05-05
ibruntoni4,ZbZEhynemyLn,ibruntoni4@csmonitor.com,Ingram,Brunton,Male,2020-11-11
wmitskevichi5,s39mErVXTd,wmitskevichi5@freewebs.com,Wood,Mitskevich,Male,2020-10-24
handrionii6,JY57d9UJY7,handrionii6@craigslist.org,Hagen,Andrioni,Male,2020-01-25
lbinnyi7,g7Ar2Zw0fY,lbinnyi7@mit.edu,Layton,Binny,Male,2020-11-14
lmorli8,TLoCH3,lmorli8@webnode.com,Lars,Morl,Male,2020-05-22
scarmei9,hGhpsJzDCJ,scarmei9@wix.com,Skylar,Carme,Male,2020-12-05
bbutchardia,1SpkFm2li,bbutchardia@ehow.com,Blaine,Butchard,Male,2020-10-12
mbellewib,Ot71jl9euy,mbellewib@washington.edu,Marco,Bellew,Male,2020-01-27
jgallandersic,4T2j2XF,jgallandersic@webnode.com,Jacklyn,Gallanders,Female,2020-10-28
gzuponeid,9TEtfAu4eqR,gzuponeid@merriam-webster.com,Guillemette,Zupone,Female,2020-09-24
kpallisie,GPZNQ1DvYc,kpallisie@g.co,Kip,Pallis,Male,2020-01-21
fsnelif,TIqqENbCz,fsnelif@mit.edu,Frannie,Snel,Female,2020-11-05
jdarlingtonig,yCz4cHf,jdarlingtonig@smh.com.au,Jonathan,Darlington,Male,2020-12-13
wshreeveih,MYhjUFsRC,wshreeveih@sbwire.com,Waverly,Shreeve,Male,2020-07-17
oferrasii,Tckxfvsbn,oferrasii@wikimedia.org,Odessa,Ferras,Female,2020-05-02
bmullalyij,tUDUsLALvBY,bmullalyij@redcross.org,Brina,Mullaly,Female,2020-06-10
ewormellik,BHlA86N,ewormellik@narod.ru,Ebba,Wormell,Female,2020-05-23
vjaggiil,LnhHhB4,vjaggiil@omniture.com,Violetta,Jaggi,Female,2020-03-12
swoodworthim,m80107I9J,swoodworthim@goo.gl,Simone,Woodworth,Male,2020-09-29
pkneaphseyin,hNcx8dbqTINa,pkneaphseyin@cyberchimps.com,Portia,Kneaphsey,Female,2020-02-21
hlairdio,5Nha6cVy1eKm,hlairdio@yolasite.com,Hallsy,Laird,Male,2020-03-30
aplumptreip,4I2pL1,aplumptreip@macromedia.com,Adriana,Plumptre,Female,2020-10-12
oatyeoiq,pvluGQa71zAj,oatyeoiq@tuttocitta.it,Odille,Atyeo,Female,2020-12-07
rmacilhargyir,ntpawSy,rmacilhargyir@europa.eu,Rosina,MacIlhargy,Female,2020-08-19
mpattonis,HzrB81UDhEU7,mpattonis@php.net,Maggi,Patton,Female,2020-12-29
rwatkissit,UHh4ieMl,rwatkissit@shutterfly.com,Ryley,Watkiss,Male,2020-03-13
iarmandiu,k9cbfdcRE,iarmandiu@comcast.net,Inge,Armand,Female,2020-09-16
ljachimakiv,mygolkY,ljachimakiv@cyberchimps.com,Lauryn,Jachimak,Female,2020-09-26
bpiotriw,adb4hN1B19iV,bpiotriw@webs.com,Bord,Piotr,Male,2020-03-17
jhymerix,bb4hnGmGtY,jhymerix@bigcartel.com,Jarvis,Hymer,Male,2020-02-12
scrispiniy,7cpfF8vG4f,scrispiniy@ow.ly,Stanwood,Crispin,Male,2020-11-07
smoberleyiz,WdDFClu,smoberleyiz@csmonitor.com,Seana,Moberley,Female,2020-02-12
gsimondsonj0,3bfEvQRj,gsimondsonj0@google.cn,Gradey,Simondson,Male,2020-11-17
jgunj1,d5TAydIt,jgunj1@quantcast.com,Janice,Gun,Female,2020-06-01
oduffieldj2,USM6kSegb,oduffieldj2@mtv.com,Odell,Duffield,Male,2020-03-23
lyewdalej3,juO9Ay3iD,lyewdalej3@ucsd.edu,Loren,Yewdale,Male,2020-12-27
tmcmeekinj4,H2E4W2O4iPv,tmcmeekinj4@craigslist.org,Tawnya,McMeekin,Female,2020-11-24
mdidelloj5,Gx3x5H,mdidelloj5@mail.ru,Madonna,Di Dello,Female,2020-05-27
hmuttittj6,U7kPkaxl,hmuttittj6@wix.com,Homerus,Muttitt,Male,2020-11-29
cdevonsidej7,EnQoV6q0g2bx,cdevonsidej7@google.fr,Cristin,Devonside,Female,2020-12-12
rboottonj8,LOiSAR8C4B,rboottonj8@istockphoto.com,Rice,Bootton,Male,2020-03-03
kdovermannj9,DDz4Sf1dOsQF,kdovermannj9@rambler.ru,Kingston,Dovermann,Male,2020-06-23
rgapperja,TXDtzcZ,rgapperja@fema.gov,Randall,Gapper,Male,2020-03-19
ejermyjb,5KdqWI,ejermyjb@miitbeian.gov.cn,Ellswerth,Jermy,Male,2020-02-20
asacherjc,ytXQS6,asacherjc@nyu.edu,Auberon,Sacher,Male,2020-10-14
jmarshjd,rNDT7S4ZJ3,jmarshjd@sakura.ne.jp,Julia,Marsh,Female,2020-09-09
loheffernanje,yxQQKO5MzC53,loheffernanje@google.com.br,Lev,O'Heffernan,Male,2020-07-12
rgiffardjf,kukK3szPSHPF,rgiffardjf@bloglovin.com,Roobbie,Giffard,Female,2020-11-15
mwaterstonejg,ZAcBj4v1VM0,mwaterstonejg@youtube.com,Morris,Waterstone,Male,2020-06-09
atorrentjh,yAu1EfuOFC,atorrentjh@hud.gov,Abeu,Torrent,Male,2020-05-18
rgillicuddyji,P5zLG0,rgillicuddyji@furl.net,Renado,Gillicuddy,Male,2020-04-26
jbellwoodjj,zrHk2JMtee,jbellwoodjj@ihg.com,Jasmina,Bellwood,Female,2020-05-12
sboolerjk,cqVb6NrDTsz2,sboolerjk@apache.org,Sapphire,Booler,Female,2020-03-14
wbaudinsjl,yiGhxkl8,wbaudinsjl@360.cn,Waldo,Baudins,Male,2020-12-04
ehilliamjm,6Fju5mkKHLup,ehilliamjm@dailymotion.com,Elia,Hilliam,Male,2020-04-03
nrecordjn,HTRTHrROYy5,nrecordjn@sitemeter.com,Nerte,Record,Female,2020-02-02
carzujo,iF0qjnAa0l,carzujo@home.pl,Chick,Arzu,Male,2020-08-28
lwesleyjp,M92f38GhI,lwesleyjp@netlog.com,Lesley,Wesley,Male,2020-04-08
gtiremanjq,9pfZ14,gtiremanjq@shareasale.com,Guillema,Tireman,Female,2020-03-25
fbullcockjr,Lg1zNlD,fbullcockjr@reddit.com,Forrest,Bullcock,Male,2020-11-29
cstotherfieldjs,zotyJXhXrGk,cstotherfieldjs@squarespace.com,Corinne,Stotherfield,Female,2020-03-26
phealeasjt,FFeptJYMxUv,phealeasjt@google.com,Phaidra,Healeas,Female,2020-03-24
fbatterhamju,qSTTorujq,fbatterhamju@vistaprint.com,Felipe,Batterham,Male,2020-03-18
hbiggerstaffjv,ziKJZz93U0IK,hbiggerstaffjv@purevolume.com,Hubie,Biggerstaff,Male,2020-09-17
qlettenjw,6E6TN3ocFGBT,qlettenjw@mozilla.com,Quinlan,Letten,Male,2020-01-28
cevesjx,oSVTHS,cevesjx@apache.org,Coleen,Eves,Female,2020-11-12
lrastrickjy,fAAm4LFoiJ3,lrastrickjy@photobucket.com,Lilli,Rastrick,Female,2020-01-26
jbarthotjz,5fYnpowG,jbarthotjz@nsw.gov.au,June,Barthot,Female,2020-04-21
sbrantzenk0,8wIZXoSar,sbrantzenk0@nyu.edu,Sarine,Brantzen,Female,2020-03-24
jdivillk1,mk5adRUUFV,jdivillk1@studiopress.com,Joline,Divill,Female,2020-04-24
jbrixeyk2,6s2G1t9,jbrixeyk2@facebook.com,Jobina,Brixey,Female,2020-08-01
hloudenk3,XBKhSWKB5l,hloudenk3@psu.edu,Halsy,Louden,Male,2020-09-27
hraddenburyk4,oTwZwboQnl,hraddenburyk4@com.com,Hadrian,Raddenbury,Male,2020-06-05
ejeroschk5,RlsNJ37lzA9,ejeroschk5@digg.com,Earle,Jerosch,Male,2020-11-09
tsebastiank6,qXgG7rK3F,tsebastiank6@prlog.org,Tatiania,Sebastian,Female,2020-10-28
aodcroftk7,yIcn005NUch,aodcroftk7@ocn.ne.jp,Archaimbaud,Odcroft,Male,2020-03-12
kesmondk8,QdflMBuhRCR,kesmondk8@msu.edu,Kattie,Esmond,Female,2020-10-27
dkidbyk9,3N1aDUeNhQCr,dkidbyk9@java.com,Derrek,Kidby,Male,2020-09-12
hbleeska,8ar7D0wG3P,hbleeska@shop-pro.jp,Homer,Blees,Male,2020-05-11
dtrussekb,cmrIdNWEMn,dtrussekb@example.com,Dick,Trusse,Male,2020-04-20
tbenadettekc,kxdHmFLQaP,tbenadettekc@craigslist.org,Teddie,Benadette,Female,2020-04-06
rfatherkd,LwzYM04EJR6,rfatherkd@skyrock.com,Rolph,Father,Male,2020-10-23
htraverske,obOGaC,htraverske@dyndns.org,Hanson,Travers,Male,2020-11-17
jstygallkf,NaONC0,jstygallkf@hao123.com,Jehanna,Stygall,Female,2020-06-04
wsecretkg,xv23S2M8,wsecretkg@mapquest.com,Wilie,Secret,Female,2020-01-28
aprendergastkh,9OymawTleP,aprendergastkh@tinypic.com,Aundrea,Prendergast,Female,2020-02-01
bredgraveki,cVEBZUSjIRq,bredgraveki@cocolog-nifty.com,Brittne,Redgrave,Female,2020-02-11
kmaturakj,bZufgRiXvp,kmaturakj@yandex.ru,Kara-lynn,Matura,Female,2020-04-25
apratikk,3DTcGCHM,apratikk@wunderground.com,Arlette,Prati,Female,2020-02-07
jkeefekl,gXX9yAzmh3,jkeefekl@symantec.com,Jermaine,Keefe,Male,2020-05-10
tgoringkm,NCeATIV6Sm,tgoringkm@merriam-webster.com,Tobe,Goring,Male,2020-02-11
tmawsonkn,Wk14OlS,tmawsonkn@instagram.com,Theodor,Mawson,Male,2020-04-13
emcgownko,sabZ9PGXuj,emcgownko@wiley.com,Ernesto,McGown,Male,2020-04-05
kgenckekp,jKvNlm0,kgenckekp@linkedin.com,Konstantine,Gencke,Male,2020-12-14
gwoodallkq,kxsaZXf,gwoodallkq@hatena.ne.jp,Genovera,Woodall,Female,2020-07-11
cstrassekr,IusGhF3Nu,cstrassekr@dagondesign.com,Correy,Strasse,Female,2020-05-10
sjankowskiks,hEEmmkC6irHj,sjankowskiks@fema.gov,Shep,Jankowski,Male,2021-01-11
rsilleykt,q5jg5g2,rsilleykt@shareasale.com,Ramonda,Silley,Female,2020-09-28
mantonioku,KDXL60ckySo,mantonioku@nih.gov,Michelle,Antonio,Female,2020-01-18
pvernikv,4PYImwul5KF,pvernikv@networkadvertising.org,Purcell,Verni,Male,2020-03-14
cjellmankw,oYMTZbMiaBdb,cjellmankw@deviantart.com,Casper,Jellman,Male,2020-08-03
bollettkx,wairR7m,bollettkx@sitemeter.com,Byrann,Ollett,Male,2020-08-06
kbattyllky,CIZQMKGr4,kbattyllky@fotki.com,Keriann,Battyll,Female,2020-04-24
ocarbrykz,otY27hKQRJ2,ocarbrykz@chicagotribune.com,Olin,Carbry,Male,2020-05-19
jfallsl0,04noasS,jfallsl0@imgur.com,Jimmy,Falls,Male,2020-06-21
mectorl1,v4rOBzuL1wsB,mectorl1@clickbank.net,Maighdiln,Ector,Female,2020-02-06
ddubarryl2,07t2iJD0,ddubarryl2@acquirethisname.com,Dorotea,Dubarry,Female,2020-03-24
crodgerl3,syUCdto9NM,crodgerl3@weather.com,Christie,Rodger,Female,2020-08-28
bleathel4,pc347NsQk,bleathel4@yandex.ru,Beryl,Leathe,Female,2020-11-02
rmurrilll5,YArBlggQmRlv,rmurrilll5@spiegel.de,Rosene,Murrill,Female,2020-02-09
fhaetl6,WtNgxNF,fhaetl6@jiathis.com,Francene,Haet,Female,2020-08-10
lgrattenl7,y4l2uoCkMf,lgrattenl7@unc.edu,Leela,Gratten,Female,2020-01-26
criceardsl8,wSoDBhCzRK,criceardsl8@globo.com,Casar,Riceards,Male,2020-09-29
hwoolfl9,uDDG2GoT,hwoolfl9@usda.gov,Honey,Woolf,Female,2020-03-03
tfraschinila,iD5Z5PEb9,tfraschinila@bloglines.com,Terese,Fraschini,Female,2020-11-13
ktimckelb,DrKYZp7l4m0N,ktimckelb@blog.com,Kala,Timcke,Female,2020-06-25
nwasielewiczlc,K1JKoSIDEiZ,nwasielewiczlc@dyndns.org,Nevins,Wasielewicz,Male,2020-07-07
lcarringtonld,bIcfBu5a2,lcarringtonld@vistaprint.com,Laure,Carrington,Female,2020-03-09
hdavidmanle,7lTcY6wKlcz,hdavidmanle@cdc.gov,Hedy,Davidman,Female,2020-08-19
vpacelf,OjTZUuxaRICz,vpacelf@sbwire.com,Vinny,Pace,Female,2020-06-06
ddunsmorelg,hca7APrm74,ddunsmorelg@constantcontact.com,Desmund,Dunsmore,Male,2020-04-01
cplumelh,wEn2rPbXuY,cplumelh@alibaba.com,Cord,Plume,Male,2020-11-07
lfannonli,ppVFJO9RHhM,lfannonli@ehow.com,Leeland,Fannon,Male,2020-03-30
mmacdowalllj,6BIUqRtw2,mmacdowalllj@slate.com,Moria,MacDowall,Female,2020-08-29
msaladinelk,YsINeC0W,msaladinelk@psu.edu,Mano,Saladine,Male,2021-01-01
tlabinll,u9j21t99H6Y1,tlabinll@t-online.de,Tulley,Labin,Male,2020-11-21
ctheunissenlm,X5mocHR,ctheunissenlm@usatoday.com,Charlton,Theunissen,Male,2021-01-12
crodenhurstln,chcO5gZgv,crodenhurstln@si.edu,Carolee,Rodenhurst,Female,2020-08-23
souterbridgelo,HxlYD3cv5FoL,souterbridgelo@sbwire.com,Sydney,Outerbridge,Male,2020-09-15
mthickpennylp,PdO8AMg9,mthickpennylp@narod.ru,Marianne,Thickpenny,Female,2020-12-10
ppeepalllq,usfxaC,ppeepalllq@soundcloud.com,Padraic,Peepall,Male,2020-03-25
gnoelllr,0cLeUIlX,gnoelllr@bizjournals.com,Gawain,Noell,Male,2020-12-12
ccantwellls,Um0kTsa,ccantwellls@bbc.co.uk,Chester,Cantwell,Male,2020-01-17
idoicklt,tXlk1zq,idoicklt@umn.edu,Inglebert,Doick,Male,2020-11-12
colekhovlu,K0qviW,colekhovlu@google.com.au,Corbin,Olekhov,Male,2021-01-13
croncalv,rcEFxDA82zR,croncalv@pinterest.com,Claude,Ronca,Female,2020-04-23
hechallielw,zr0y3r,hechallielw@acquirethisname.com,Hogan,Echallie,Male,2020-01-22
fhatonlx,n89XzaDlRgM,fhatonlx@ocn.ne.jp,Fan,Haton,Female,2020-03-12
ghaythornly,u4IIa50vNK,ghaythornly@paypal.com,Grace,Haythorn,Female,2020-07-06
rbartolettilz,bp9CNq3AMa,rbartolettilz@hud.gov,Roi,Bartoletti,Male,2020-02-16
ltomaszkiewiczm0,afG77E,ltomaszkiewiczm0@cargocollective.com,Leonhard,Tomaszkiewicz,Male,2020-07-07
jbrandom1,Hbp1utqhw,jbrandom1@vinaora.com,Jerrome,Brando,Male,2020-10-03
hmuntm2,0tLWvmO6XY,hmuntm2@businessweek.com,Heidi,Munt,Female,2020-11-04
ccradickm3,Wt4dRCM,ccradickm3@sakura.ne.jp,Cookie,Cradick,Female,2020-01-18
sdesboroughm4,o5aSCpBdIh2,sdesboroughm4@zimbio.com,Shayne,Desborough,Male,2020-08-01
flarnm5,4Pd1efI7,flarnm5@flavors.me,Florrie,Larn,Female,2020-02-08
bmattinglym6,7177Igl,bmattinglym6@plala.or.jp,Barnett,Mattingly,Male,2020-01-19
mjantetm7,lOBj3q,mjantetm7@xing.com,Morgan,Jantet,Male,2020-02-23
tcalabrym8,JwNn0NhGi,tcalabrym8@about.com,Tynan,Calabry,Male,2020-12-30
lingerfieldm9,Yqa8Bl7,lingerfieldm9@newyorker.com,Lanny,Ingerfield,Male,2020-08-22
apiensma,qdyGRJn0,apiensma@desdev.cn,Antonino,Piens,Male,2020-10-28
aandreevmb,BCua1su5HX7,aandreevmb@dailymotion.com,Adlai,Andreev,Male,2020-01-23
mbernaldomc,bwNsbg,mbernaldomc@youtu.be,Maximilianus,Bernaldo,Male,2020-03-01
cockleshawmd,4XQzxZg8n,cockleshawmd@cocolog-nifty.com,Corbet,Ockleshaw,Male,2020-10-18
kpudgeme,gaWHcaN,kpudgeme@google.co.uk,Kilian,Pudge,Male,2020-03-25
fvollermf,MpHwcVPbg1,fvollermf@oaic.gov.au,Forester,Voller,Male,2020-05-15
iwoolmoremg,1GsA9al,iwoolmoremg@desdev.cn,Isac,Woolmore,Male,2020-09-21
rrozenbaummh,Wr44V4Z,rrozenbaummh@quantcast.com,Read,Rozenbaum,Male,2020-10-18
estruttonmi,CzVsNcdf,estruttonmi@deliciousdays.com,Ermanno,Strutton,Male,2020-09-02
owhartonmj,EpCM7KI7fzI,owhartonmj@google.ca,Ofilia,Wharton,Female,2020-08-11
cchantlermk,N0uBvZaTe,cchantlermk@skype.com,Chloe,Chantler,Female,2020-09-14
clatheeml,1fEuIl8lmYy,clatheeml@tumblr.com,Cecilia,Lathee,Female,2020-05-30
lleteurtremm,Q9Moh7,lleteurtremm@github.com,Linea,Leteurtre,Female,2020-08-18
lmcileenmn,lv8DwvSKTnn,lmcileenmn@sciencedirect.com,Laurella,McIleen,Female,2020-03-09
hloyntonmo,Owvd0lFo,hloyntonmo@moonfruit.com,Hubie,Loynton,Male,2020-09-29
blowmp,TyoV6se,blowmp@earthlink.net,Barry,Low,Female,2020-08-27
kharradencemq,vHRG3fGmP9i,kharradencemq@nytimes.com,Krystalle,Harradence,Female,2021-01-14
obrickseymr,4I7rJx,obrickseymr@macromedia.com,Onfroi,Bricksey,Male,2020-05-17
fkobierzyckims,Atojdi1dbUY,fkobierzyckims@sbwire.com,Finlay,Kobierzycki,Male,2020-06-14
knannettimt,NvfbBYmDm99S,knannettimt@ucoz.ru,Kinny,Nannetti,Male,2020-02-23
mtamblingmu,CmA5oIzmK8s,mtamblingmu@scientificamerican.com,Myrah,Tambling,Female,2020-12-11
cgrahlmv,tMvdTQE4maY,cgrahlmv@census.gov,Crysta,Grahl,Female,2020-06-19
dgogginmw,1KopH8FoVz4,dgogginmw@usgs.gov,Dugald,Goggin,Male,2020-04-20
kbubearmx,hOGnApZO3t8N,kbubearmx@usgs.gov,Kelcey,Bubear,Female,2020-02-04
smetzigmy,Ntuujb,smetzigmy@last.fm,Stacie,Metzig,Female,2020-09-19
gtibbettsmz,Xtevj4N,gtibbettsmz@skyrock.com,Guendolen,Tibbetts,Female,2020-05-28
kkindreadn0,rE4zbd5X7ZCM,kkindreadn0@indiatimes.com,Keary,Kindread,Male,2020-04-07
jporkissn1,iixJZOH9DvC,jporkissn1@sitemeter.com,Joycelin,Porkiss,Female,2020-10-30
mtulleyn2,672RhoF,mtulleyn2@php.net,Mallory,Tulley,Male,2020-11-20
bdunbarn3,Ig6zG9s,bdunbarn3@rambler.ru,Brendis,Dunbar,Male,2020-08-12
rquiddihyn4,mkB1CSkM8pLT,rquiddihyn4@sphinn.com,Raoul,Quiddihy,Male,2020-12-29
sdebenedittin5,5DgvIw,sdebenedittin5@miitbeian.gov.cn,Serge,De Beneditti,Male,2020-01-18
ilowtonn6,gg375al,ilowtonn6@spotify.com,Izabel,Lowton,Female,2020-06-20
blaverackn7,nPxJ63,blaverackn7@edublogs.org,Beryl,Laverack,Female,2020-10-31
kmatasovn8,x4649n,kmatasovn8@tinypic.com,Kelli,Matasov,Female,2020-07-22
wabdonn9,7fzBzUNItXCo,wabdonn9@wikimedia.org,Wynn,Abdon,Male,2020-02-18
alukinsna,EdLNtSZ,alukinsna@amazon.de,Adolphus,Lukins,Male,2020-12-30
aclowsnb,kKeLJnzInLx6,aclowsnb@dropbox.com,Artus,Clows,Male,2020-09-06
tshingfieldnc,dxT656xVHvK,tshingfieldnc@google.ru,Townsend,Shingfield,Male,2020-08-08
abriknd,yloCgsckX1,abriknd@cbslocal.com,Austine,Brik,Female,2020-09-21
jworthyne,GxHBIcpPj,jworthyne@exblog.jp,Janine,Worthy,Female,2020-06-18
segarrnf,p1TlHjVBjI,segarrnf@oaic.gov.au,Shay,Egarr,Female,2020-01-20
ttaggertyng,LDcpAzyXPjaF,ttaggertyng@yellowbook.com,Thalia,Taggerty,Female,2020-09-20
evaleriusnh,o2CCh5D,evaleriusnh@ning.com,Evangeline,Valerius,Female,2020-06-04
tchampni,FW1GwA17Hs,tchampni@bloglovin.com,Terza,Champ,Female,2021-01-09
dgyrgorcewicxnj,xUcduCayi,dgyrgorcewicxnj@cyberchimps.com,Darryl,Gyrgorcewicx,Male,2020-03-17
cgallandnk,pGPrySADYBr,cgallandnk@ucsd.edu,Caspar,Galland,Male,2020-08-12
sdosdalenl,9J41YXEB,sdosdalenl@i2i.jp,Shirley,Dosdale,Female,2020-09-10
nwhelptonnm,MwcCj9E,nwhelptonnm@cam.ac.uk,Neron,Whelpton,Male,2020-07-14
agadaultnn,UdKxb6Gx,agadaultnn@ning.com,Anne-marie,Gadault,Female,2020-07-09
shoultonno,Zr6IZWD9s9K2,shoultonno@taobao.com,Sandy,Houlton,Female,2020-12-25
ieighteennp,tlMXQF,ieighteennp@google.cn,Ignaz,Eighteen,Male,2020-10-29
swaistallnq,1xiVK6rNKPhk,swaistallnq@amazonaws.com,Samaria,Waistall,Female,2020-12-27
tglencrossnr,nW5CA6uNVg2i,tglencrossnr@independent.co.uk,Thornton,Glencross,Male,2020-02-01
kdiesns,Mm9C4pm,kdiesns@nature.com,Kelcy,Dies,Female,2020-11-18
omaccallesternt,mxT5yG8Ylb0,omaccallesternt@tripod.com,Orran,MacCallester,Male,2020-12-05
inisuisnu,TNSNylpjzf,inisuisnu@yellowpages.com,Ignaz,Nisuis,Male,2020-08-10
tsalvatorenv,JCxe3fTYf,tsalvatorenv@samsung.com,Torrin,Salvatore,Male,2020-09-16
lalbinsonnw,TVeRLKNbf6Ip,lalbinsonnw@edublogs.org,Linzy,Albinson,Female,2020-06-09
emylechreestnx,fb3dJmGTYP,emylechreestnx@skype.com,Ettore,Mylechreest,Male,2020-12-25
grollinsonny,XiNdEFC3y,grollinsonny@sphinn.com,Galen,Rollinson,Male,2020-04-04
gcasadonz,1cJ7LK2dr7f,gcasadonz@bloglines.com,Gannon,Casado,Male,2020-06-20
ccarsbergo0,Ka4c3x0uqqV2,ccarsbergo0@dagondesign.com,Caryl,Carsberg,Female,2020-09-29
bisherwoodo1,sHnPraE21,bisherwoodo1@blogger.com,Brigg,Isherwood,Male,2020-12-20
vfricko2,t8rxblOZ1,vfricko2@boston.com,Viviyan,Frick,Female,2020-10-27
acraftero3,iVbZTo9fOX8,acraftero3@soundcloud.com,Alfredo,Crafter,Male,2020-05-06
cdombo4,KvyqwJTZY,cdombo4@china.com.cn,Cybil,Domb,Female,2020-06-10
atwinborneo5,z0zHWuH0Vi2,atwinborneo5@dot.gov,Alyosha,Twinborne,Male,2020-01-25
apiocho6,01w1a5,apiocho6@house.gov,Ada,Pioch,Female,2020-10-20
pwrankmoreo7,Fq2exJ,pwrankmoreo7@washington.edu,Peterus,Wrankmore,Male,2020-12-16
wchesneyo8,IOd1ar,wchesneyo8@squarespace.com,Wilhelmine,Chesney,Female,2020-06-04
aharceo9,I8PJHBxpy1ir,aharceo9@shareasale.com,Alberto,Harce,Male,2020-08-30
nbrumheadoa,CG4Rb5ra0sBx,nbrumheadoa@hao123.com,Nicole,Brumhead,Female,2020-04-20
reberdtob,I4jXBCMZA4,reberdtob@va.gov,Rosamund,Eberdt,Female,2020-01-26
gtortoishelloc,iIkugQ1uU,gtortoishelloc@exblog.jp,Garrot,Tortoishell,Male,2020-06-04
jkingscoteod,PxeG66mL,jkingscoteod@soundcloud.com,Jaimie,Kingscote,Female,2020-08-02
cbrimmoe,b0xgGAPxdnIC,cbrimmoe@nydailynews.com,Constancia,Brimm,Female,2020-08-24
lthyngof,WB3IAFGU7KPB,lthyngof@statcounter.com,Llewellyn,Thyng,Male,2020-08-06
ipownallog,buEbFgK4aqo,ipownallog@nifty.com,Ingemar,Pownall,Male,2020-04-24
kmuelleroh,0pxOBpdBX,kmuelleroh@chron.com,Krispin,Mueller,Male,2020-04-12
nruddockoi,sPm2YPzD6z,nruddockoi@cbsnews.com,Nathanil,Ruddock,Male,2021-01-03
bmatthiesenoj,nB8AHBuGKx,bmatthiesenoj@skype.com,Brigitta,Matthiesen,Female,2020-10-15
cmckellochok,3EqT1Y,cmckellochok@answers.com,Candide,McKelloch,Female,2020-05-18
smurdenol,a6DpO3,smurdenol@noaa.gov,Sallee,Murden,Female,2020-05-18
eswanneom,QnS3WkCjVXAW,eswanneom@infoseek.co.jp,Ellynn,Swanne,Female,2020-10-04
ncoverlyon,s49SHP,ncoverlyon@bbc.co.uk,Nichols,Coverly,Male,2020-05-08
aflawithoo,MIouUnr,aflawithoo@simplemachines.org,Abbey,Flawith,Male,2020-10-31
ghornigop,nh3D2rrcRfc,ghornigop@parallels.com,Griz,Hornig,Male,2020-12-19
eaddyoq,0XM6vYJADLwo,eaddyoq@cbslocal.com,Emerson,Addy,Male,2020-10-30
cbalazsor,GchpBKJ0eYZI,cbalazsor@ning.com,Cris,Balazs,Female,2020-12-20
akilgrewos,FekOe86,akilgrewos@arstechnica.com,Amaleta,Kilgrew,Female,2020-10-14
candreuot,7cRxFiBel,candreuot@wp.com,Chloris,Andreu,Female,2020-10-29
rlonerganou,5pVz55fEO,rlonerganou@woothemes.com,Ryon,Lonergan,Male,2020-06-13
rbenianov,7fzPxlvkiI,rbenianov@squidoo.com,Roze,Benian,Female,2020-02-09
cfitchettow,htSz5mfK,cfitchettow@arstechnica.com,Chalmers,Fitchett,Male,2020-08-24
smaccurtainox,hnBtsR43dzM,smaccurtainox@netlog.com,Skelly,MacCurtain,Male,2020-08-30
achurlyoy,0zGDYfO,achurlyoy@huffingtonpost.com,Adriena,Churly,Female,2020-09-04
emellandoz,nbSrPG5dbiXh,emellandoz@google.co.uk,Eolande,Melland,Female,2020-03-07
hwaszkiewiczp0,J04Zdc,hwaszkiewiczp0@rediff.com,Hortensia,Waszkiewicz,Female,2020-04-12
asoffep1,CyxKjZqA4,asoffep1@goo.gl,Alvira,Soffe,Female,2020-07-16
mohalliganp2,8cOmnnEZC,mohalliganp2@toplist.cz,Maria,O'Halligan,Female,2020-05-01
clentp3,lP2zfx,clentp3@wp.com,Corilla,Lent,Female,2020-08-03
vbenfieldp4,HQZnUGM8zD,vbenfieldp4@nsw.gov.au,Vanny,Benfield,Female,2020-12-18
tgaudenp5,2zyVMg,tgaudenp5@berkeley.edu,Thaddeus,Gauden,Male,2020-07-28
msarverp6,GlqkEBLa5,msarverp6@cmu.edu,Marsiella,Sarver,Female,2020-11-15
mbonwellp7,UZGgEZEHWgBc,mbonwellp7@forbes.com,Manon,Bonwell,Female,2020-11-23
rastlep8,7bpcOpR22bpe,rastlep8@elegantthemes.com,Ree,Astle,Female,2020-08-04
rbetzp9,k6Y5oA,rbetzp9@over-blog.com,Rog,Betz,Male,2021-01-05
pranniganpa,cuCRTG,pranniganpa@bravesites.com,Peggie,Rannigan,Female,2020-01-23
jbanasiakpb,cT19JKeai3X,jbanasiakpb@amazon.de,Johnny,Banasiak,Male,2020-02-14
dcawspc,HRuidKA,dcawspc@moonfruit.com,Deirdre,Caws,Female,2021-01-15
lbilbrookepd,uzWM0A5O,lbilbrookepd@bbc.co.uk,Leta,Bilbrooke,Female,2020-07-22
rshoulerpe,SsiWKPq,rshoulerpe@huffingtonpost.com,Rriocard,Shouler,Male,2020-02-16
bburrowpf,TZL3BZt,bburrowpf@elegantthemes.com,Boothe,Burrow,Male,2020-07-10
marnipg,tRCIqRXI,marnipg@unesco.org,Micheal,Arni,Male,2020-04-18
bellcomeph,kOJ0PL6D,bellcomeph@cdc.gov,Booth,Ellcome,Male,2020-09-15
emcgivenpi,AVR6aBQi,emcgivenpi@walmart.com,Emylee,McGiven,Female,2021-01-11
evipanpj,VPKbBPjb,evipanpj@yahoo.com,Eulalie,Vipan,Female,2020-03-03
baleninpk,Rs9j2H,baleninpk@cnbc.com,Billie,Alenin,Male,2020-07-15
jmuddpl,Qlb8q8mrPHx,jmuddpl@google.co.jp,Jody,Mudd,Female,2020-10-03
rshewenpm,19IUmQQ,rshewenpm@state.tx.us,Raeann,Shewen,Female,2020-05-12
cfeldhuhnpn,UENixp0K,cfeldhuhnpn@toplist.cz,Carlen,Feldhuhn,Female,2020-11-28
smcgauhypo,MewEsrQhf,smcgauhypo@elpais.com,Salmon,McGauhy,Male,2020-07-30
fwemysspp,UhIdwtynn6,fwemysspp@creativecommons.org,Florry,Wemyss,Female,2020-06-02
ghattopq,APkNDKK7W,ghattopq@scribd.com,Gabe,Hatto,Male,2020-05-31
geastmondpr,VXDQLztPT,geastmondpr@umich.edu,Gabbie,Eastmond,Female,2020-02-05
adoghartieps,t8bf3rYbS,adoghartieps@desdev.cn,Anjanette,Doghartie,Female,2020-09-06
horhrtpt,UdEbtr,horhrtpt@cpanel.net,Harwell,Orhrt,Male,2020-11-26
cbygrovepu,8jpCSmb,cbygrovepu@fotki.com,Carita,Bygrove,Female,2020-03-12
apundypv,h9U5gp,apundypv@hatena.ne.jp,Andie,Pundy,Female,2020-05-20
bcramondpw,hzrURL9,bcramondpw@fc2.com,Bibbie,Cramond,Female,2020-04-04
gtoffulpx,Q6by4ghUKBA,gtoffulpx@google.com.hk,Gabbey,Tofful,Female,2020-07-26
lkimberpy,guDFEOopXu,lkimberpy@i2i.jp,Letty,Kimber,Female,2020-02-10
gtewkesburypz,xn1GoEsbYlt,gtewkesburypz@yahoo.co.jp,Gill,Tewkesbury,Male,2020-05-16
jgainsburghq0,jc5GsBZEZ,jgainsburghq0@cnet.com,Jacqui,Gainsburgh,Female,2020-10-11
kchristoffersenq1,A0eLV24,kchristoffersenq1@friendfeed.com,Kenyon,Christoffersen,Male,2020-08-31
sramplingq2,7J2uDsz76,sramplingq2@amazon.co.jp,Sondra,Rampling,Female,2020-07-29
abenfellq3,HwnhHbEeOeS,abenfellq3@usgs.gov,Agnese,Benfell,Female,2020-06-22
awatmoreq4,AiSrqPvR70E1,awatmoreq4@seattletimes.com,Atalanta,Watmore,Female,2020-05-28
kdarwentq5,LJYtgej,kdarwentq5@ft.com,Karel,Darwent,Male,2020-02-27
crosenkrancq6,oFq136T,crosenkrancq6@icio.us,Chryste,Rosenkranc,Female,2020-04-09
efentyq7,w6M6m9eehX,efentyq7@shutterfly.com,Emmett,Fenty,Male,2020-12-31
scaesarq8,Ihya3g1,scaesarq8@bluehost.com,Sherye,Caesar,Female,2020-10-24
jmissingtonq9,08bL2L,jmissingtonq9@archive.org,Janice,Missington,Female,2020-09-07
kcrasswellqa,RdUkS2atYA,kcrasswellqa@spotify.com,Karly,Crasswell,Female,2020-06-29
kohanlonqb,TpgSFs,kohanlonqb@weebly.com,Kylen,O'Hanlon,Female,2020-12-03
cbereqc,5z4TJD6X8Nk,cbereqc@slashdot.org,Cristen,Bere,Female,2020-07-26
ecarrabottqd,uEz0myIm,ecarrabottqd@baidu.com,Estelle,Carrabott,Female,2020-08-18
rburchillqe,TSu2aP4WUFP,rburchillqe@discovery.com,Ricoriki,Burchill,Male,2020-02-21
joviseqf,SocnpbUnS,joviseqf@noaa.gov,Jami,Ovise,Female,2020-09-29
chartnupqg,jApnJKeU,chartnupqg@state.tx.us,Ced,Hartnup,Male,2020-09-14
ltheobaldqh,hZGxMoL,ltheobaldqh@soundcloud.com,Loralyn,Theobald,Female,2020-04-22
rjollyqi,A7cgWlKx5HbS,rjollyqi@va.gov,Rois,Jolly,Female,2020-06-25
jjoseferqj,LRiqdlr50Q,jjoseferqj@howstuffworks.com,Jessika,Josefer,Female,2020-06-12
abeachemqk,yO4Uq9mc,abeachemqk@list-manage.com,Annabela,Beachem,Female,2020-06-03
dwellenql,uqpZDv,dwellenql@over-blog.com,Dwayne,Wellen,Male,2020-09-21
cotteryqm,Ck9Yo5e84eQ,cotteryqm@comsenz.com,Corabel,Ottery,Female,2020-05-06
kharlockqn,uF9Pni8IF,kharlockqn@sbwire.com,Katina,Harlock,Female,2020-04-16
lgiblinqo,McJvxBJiO,lgiblinqo@moonfruit.com,Levey,Giblin,Male,2020-04-06
brenachowskiqp,3PZKT5Zpp,brenachowskiqp@cornell.edu,Barnabe,Renachowski,Male,2020-04-01
rbriggdaleqq,J1szY3cKo,rbriggdaleqq@furl.net,Roberto,Briggdale,Male,2020-09-18
hpaishqr,am9vd1D4EOx,hpaishqr@cloudflare.com,Hobard,Paish,Male,2020-06-21
edecleenqs,dA5XL87InIPi,edecleenqs@smh.com.au,Eldredge,De Cleen,Male,2020-05-08
arobbieqt,6m66fans,arobbieqt@google.com.br,Aubry,Robbie,Female,2020-02-10
ckeirlequ,6zDnaCdpC,ckeirlequ@google.de,Cobbie,Keirle,Male,2021-01-02
rlepiscopioqv,WL3W72,rlepiscopioqv@salon.com,Rockwell,L'Episcopio,Male,2021-01-15
cmuscatqw,b3gdIHjmTV,cmuscatqw@acquirethisname.com,Carlita,Muscat,Female,2020-08-31
cshucksmithqx,lyrhO9P,cshucksmithqx@latimes.com,Chrisy,Shucksmith,Male,2020-11-03
fmoorcraftqy,ZtGAJ5Xs6RW,fmoorcraftqy@sakura.ne.jp,Faustina,Moorcraft,Female,2020-12-15
roverpoolqz,Uslosi,roverpoolqz@yale.edu,Rorie,Overpool,Female,2020-08-11
gwinsborrowr0,NZrMgk,gwinsborrowr0@github.io,Gloriane,Winsborrow,Female,2020-11-26
jfinneyr1,qp8FEA3Sk64,jfinneyr1@cloudflare.com,Joel,Finney,Male,2020-01-21
gmcdougler2,1phQJNG,gmcdougler2@ihg.com,Gasparo,McDougle,Male,2020-07-27
ahaffardr3,EJNEcrDQ,ahaffardr3@360.cn,Alonzo,Haffard,Male,2020-12-03
lridesdaler4,38XhgeL,lridesdaler4@ocn.ne.jp,Lindie,Ridesdale,Female,2020-09-20
kjiruchr5,BpXt51KDuPem,kjiruchr5@google.co.jp,Kellia,Jiruch,Female,2020-01-30
sdyshartr6,U3R0TZQq7zj,sdyshartr6@csmonitor.com,Skylar,Dyshart,Male,2020-12-17
bminardsr7,ZKwgJP3N,bminardsr7@gov.uk,Brockie,Minards,Male,2020-02-23
acammisr8,2CMDTOVDz0Eg,acammisr8@kickstarter.com,Arlin,Cammis,Male,2020-03-03
ldurandr9,G5tD7dXS,ldurandr9@utexas.edu,Lorrie,Durand,Male,2021-01-15
bpritchardra,SriaJZuOOZqp,bpritchardra@nytimes.com,Beverly,Pritchard,Female,2020-11-14
fmcadamrb,esTe5vuRW,fmcadamrb@behance.net,Fred,McAdam,Female,2020-03-27
nfortnonrc,Irfn9KcsNXM,nfortnonrc@ning.com,Nananne,Fortnon,Female,2020-01-19
mfermingerrd,xoKS0YtkF,mfermingerrd@diigo.com,Myrtice,Ferminger,Female,2020-08-25
akrugre,KTlXQISl,akrugre@arstechnica.com,Alexandre,Krug,Male,2020-01-17
baxcellrf,MCIgNXFFirWG,baxcellrf@marriott.com,Bron,Axcell,Male,2020-08-09
csreenanrg,ohn95m,csreenanrg@yolasite.com,Chrissy,Sreenan,Male,2020-04-29
bshipwayrh,S6uBk6MsN3FW,bshipwayrh@slideshare.net,Boyce,Shipway,Male,2020-12-25
mlaffinri,84DhSVx50y,mlaffinri@nba.com,Mischa,Laffin,Male,2020-02-16
gchesswasrj,4yMnJravnMB,gchesswasrj@ifeng.com,Gibb,Chesswas,Male,2020-06-13
camossrk,khGEQk5AzgL,camossrk@mac.com,Carolus,Amoss,Male,2020-11-22
mpughsleyrl,KulvqaK7VI7m,mpughsleyrl@sciencedirect.com,Murielle,Pughsley,Female,2020-11-07
cmoiseyrm,XcswGG6,cmoiseyrm@nymag.com,Corny,Moisey,Male,2020-04-12
eraundsrn,xEvFdvwhj,eraundsrn@cafepress.com,Edgard,Raunds,Male,2020-09-28
lskaero,hVunZpe11S,lskaero@sitemeter.com,Lanie,Skae,Male,2020-08-22
klathburyrp,nQFKWE,klathburyrp@last.fm,Khalil,Lathbury,Male,2020-06-09
rnordassrq,NiM7AU,rnordassrq@dot.gov,Rafaela,Nordass,Female,2020-08-20
ymccorleyrr,L73NiMcOmw,ymccorleyrr@foxnews.com,Yule,McCorley,Male,2020-02-10
